country,city,condition
Afghanistan,Kabul,Sunny
Albania,Tirana,Partly cloudy
Algeria,Algiers,Partly cloudy
Andorra,Andorra La Vella,Sunny
Angola,Luanda,Partly cloudy
Antigua and Barbuda,Saint John's,Light rain
Argentina,Buenos Aires,Clear
Armenia,Yerevan,Partly cloudy
Australia,Canberra,Clear
Austria,Vienna,Light rain
Azerbaijan,Baku,Sunny
Bahamas,Nassau,Clear
Bahrain,Manama,Sunny
Bangladesh,Dhaka,Cloudy
Barbados,Bridgetown,Partly cloudy
Belarus,Minsk,Sunny
Belgium,Brussels,Partly cloudy
Belize,Belmopan,Patchy rain possible
Benin,Porto-Novo,Partly cloudy
Bhutan,Thimphu,Patchy rain possible
Bolivia,Sucre,Clear
Bosnia and Herzegovina,Sarajevo,Partly cloudy
Botswana,Gaborone,Sunny
Brazil,Bras,Clear
Brunei Darussalam,Bandar Seri Begawan,Partly cloudy
Bulgaria,Sofia,Partly cloudy
Burkina Faso,Ouagadougou,Partly cloudy
Burundi,Bujumbura,Partly cloudy
Madagascar,Ivory,Sunny
Cape Verde,Praia,Partly cloudy
Cambodia,Phnom Penh,Moderate or heavy rain with thunder
Cameroon,Bafoussam,Patchy rain possible
Canada,Ottawa,Clear
Central African Republic,Bangui,Partly cloudy
Chad,N'djamena,Sunny
Chile,Santiago,Clear
China,Beijing,Sunny
Bulgaria,Bogot,Sunny
Comoros,Moroni,Partly cloudy
Congo,Brazzaville,Partly cloudy
Costa Rica,San Juan,Clear
Croatia,Zagreb,Partly cloudy
Cuba,Havana,Partly cloudy
Cyprus,Nicosia,Partly cloudy
Czech Republic,Prague,Overcast
Democratic Republic of Congo,Kinshasa,Partly cloudy
Denmark,Copenhagen,Sunny
Djibouti,Djibouti,Mist
Dominica,Roseau,Light rain shower
Dominican Republic,Santo Domingo,Partly cloudy
Ecuador,Quito,Clear
Egypt,Cairo,Partly cloudy
El Salvador,San Salvador,Light rain
Equatorial Guinea,Malabo,Light rain shower
Eritrea,Asmara,Patchy rain possible
Estonia,Tallinn,Partly cloudy
Swaziland,Mbabane,Sunny
Ethiopia,Addis Ababa,Partly cloudy
Fiji Islands,Suva,Partly cloudy
Finland,Helsinki,Partly cloudy
France,Paris,Partly cloudy
Gabon,Libreville,Light rain shower
Gambia,Banjul,Partly cloudy
Georgia,Tbilisi,Sunny
Germany,Berlin,Light rain
Ghana,Accra,Overcast
Greece,Athens,Partly cloudy
Grenada,Saint George's,Partly cloudy
Guatemala,Guatemala City,Mist
Guinea,Conakry,Partly cloudy
Guinea-Bissau,Bissau,Light rain
Guyana,Georgetown,Mist
Haiti,Port-Au-Prince,Clear
Vatican City,Vatican City,Moderate rain
Honduras,Tegucigalpa,Partly cloudy
Hungary,Budapest,Light rain shower
Iceland,Hella,Sunny
India,New Delhi,Mist
Indonesia,Jakarta,Partly cloudy
Iran,Tehran,Partly cloudy
Iraq,Baghdad,Sunny
Ireland,Dublin,Partly cloudy
Israel,Jerusalem,Partly cloudy
Italy,Rome,Moderate rain
Jamaica,Norman Gardens,Partly cloudy
Japan,Tokyo,Partly cloudy
Jordan,Amman,Partly cloudy
Kazakhstan,Astana,Partly cloudy
Kenya,Nairobi,Partly cloudy
Kiribati,Tarawa,Light rain shower
Kuwait,Kuwait City,Sunny
Kyrghyzstan,Bishkek,Sunny
Indonesia,Laos,Sunny
Latvia,Riga,Light rain
Lebanon,Beirut,Partly cloudy
Lesotho,Maseru,Sunny
Liberia,Monrovia,Partly cloudy
Thailand,Nan,Partly cloudy
Liechtenstein,Vaduz,Light rain
Lithuania,Vilnius,Moderate or heavy rain with thunder
Luxembourg,Luxembourg,Partly cloudy
Madagascar,Antananarivo,Partly cloudy
Malawi,Lilongwe,Partly cloudy
Malaysia,Kuala Lumpur,Moderate or heavy rain with thunder
Maldives,Farukolhufunadhoo,Torrential rain shower
Mali,Bamako,Light rain
Malta,Valletta,Partly cloudy
Marshall Islands,Majuro,Overcast
Mauritania,Nouakchott,Sunny
Mauritius,Port Louis,Partly cloudy
Mexico,Mexico City,Partly cloudy
Micronesia,Palikir,Light rain
Russia,Chi-Chi-Erh,Overcast
Monaco,Monaco,Partly cloudy
Mongolia,Ulaanbaatar,Partly cloudy
Montenegro,Podgorica,Partly cloudy
Morocco,Rabat,Sunny
Mozambique,Maputo,Partly cloudy
Myanmar,Pathein,Partly cloudy
Namibia,Windhoek,Sunny
Turkey,Yaren,Sunny
Nepal,Kathmandu,Partly cloudy
Netherlands,Amsterdam,Partly cloudy
New Zealand,Wellington,Clear
Nicaragua,Managua,Partly cloudy
Niger,Niamey,Sunny
Nigeria,Abuja,Partly cloudy
North Korea,Pyongyang,Patchy rain possible
Macedonia,Skopje,Partly cloudy
Norway,Oslo,Moderate rain
Oman,Muscat,Sunny
Pakistan,Islamabad,Sunny
Palau,Adkip,Partly cloudy
Bolivia,National,Clear
Panama,Panama City,Partly cloudy
Papua New Guinea,Port Moresby,Clear
Paraguay,Carreria,Overcast
Peru,Lima,Partly cloudy
Philippines,Manila,Light rain
Poland,Warsaw,Partly cloudy
Portugal,Lisbon,Partly cloudy
Qatar,Doha,Sunny
Romania,Bucharest,Sunny
Russia,Moscow,Partly cloudy
Rwanda,Kigali,Partly cloudy
Saint Kitts and Nevis,Basseterre,Clear
Saint Lucia,Castries,Partly cloudy
Saint Vincent and the Grenadines,Kingstown,Patchy rain possible
Samoa,Apia,Partly cloudy
San Marino,San Marino,Partly cloudy
Belgium,'S-Gravenwezel,Partly cloudy
Saudi Arabia,Riyadh,Sunny
Senegal,Dakar,Partly cloudy
Serbia,Belgrade,Partly cloudy
Seychelles Islands,Victoria,Light rain shower
Sierra Leone,Freetown,Partly cloudy
Singapore,Singapore,Partly cloudy
Slovakia,Bratislava,Light rain shower
Slovenia,Ljubljana,Light rain shower
Solomon Islands,Honiara,Partly cloudy
Somalia,Mogadishu,Partly cloudy
South Africa,Pretoria,Sunny
South Korea,Seoul,Light rain
Sudan,Juba,Sunny
Spain,Madrid,Sunny
Sri Lanka,Colombo,Partly cloudy
Sudan,Khartoum,Partly cloudy
Suriname,Paramaribo,Partly cloudy
Sweden,Stockholm,Sunny
Switzerland,Bern,Partly cloudy
Syria,Damascus,Partly cloudy
Tajikistan,Dushanbe,Sunny
Tanzania,Dodoma,Partly cloudy
Thailand,Bangkok,Partly cloudy
Indonesia,Murong Timor,Sunny
Bulgaria,Lom,Sunny
Tonga,Nuku`Aloia,Partly cloudy
Trinidad and Tobago,Port Of Spain,Partly cloudy
Tunisia,Tunis,Partly cloudy
Turkey,Ankara,Sunny
Turkmenistan,Ashgabat,Partly cloudy
Tuvalu,Funafuti,Partly cloudy
Uganda,Kampala,Partly cloudy
Ukraine,Lviv,Sunny
United Arab Emirates,Abu Dhabi,Sunny
United Kingdom,London,Sunny
United States of America,Washington Park,Clear
Uruguay,Montevideo,Clear
Uzbekistan,Tashkent,Sunny
Vanuatu,Port Vila,Overcast
Venezuela,Caracas,Partly cloudy
Vietnam,Hanoi,Sunny
Yemen,Sanaa,Patchy light rain with thunder
Zambia,Lusaka,Sunny
Zimbabwe,Harare,Sunny
Afghanistan,Kabul,Sunny
Albania,Tirana,Partly cloudy
Algeria,Algiers,Partly cloudy
Andorra,Andorra La Vella,Partly cloudy
Angola,Luanda,Partly cloudy
Antigua and Barbuda,Saint John's,Partly cloudy
Argentina,Buenos Aires,Clear
Armenia,Yerevan,Sunny
Australia,Canberra,Partly cloudy
Austria,Vienna,Light rain
Azerbaijan,Baku,Sunny
Bahamas,Nassau,Moderate or heavy rain with thunder
Bahrain,Manama,Sunny
Bangladesh,Dhaka,Sunny
Barbados,Bridgetown,Partly cloudy
Belarus,Minsk,Clear
Belgium,Brussels,Partly cloudy
Belize,Belmopan,Patchy rain possible
Benin,Porto-Novo,Partly cloudy
Bhutan,Thimphu,Sunny
Bolivia,Sucre,Clear
Bosnia and Herzegovina,Sarajevo,Partly cloudy
Botswana,Gaborone,Clear
Brazil,Bras,Clear
Brunei Darussalam,Bandar Seri Begawan,Partly cloudy
Bulgaria,Sofia,Light rain shower
Burkina Faso,Ouagadougou,Clear
Burundi,Bujumbura,Clear
Madagascar,Ivory,Clear
Cape Verde,Praia,Partly cloudy
Cambodia,Phnom Penh,Partly cloudy
Cameroon,Bafoussam,Mist
Canada,Ottawa,Partly cloudy
Central African Republic,Bangui,Partly cloudy
Chad,N'djamena,Partly cloudy
Chile,Santiago,Clear
China,Beijing,Sunny
Bulgaria,Bogot,Patchy light rain with thunder
Comoros,Moroni,Patchy rain possible
Congo,Brazzaville,Clear
Costa Rica,San Juan,Fog
Croatia,Zagreb,Partly cloudy
Cuba,Havana,Partly cloudy
Cyprus,Nicosia,Partly cloudy
Czech Republic,Prague,Overcast
Democratic Republic of Congo,Kinshasa,Clear
Denmark,Copenhagen,Partly cloudy
Djibouti,Djibouti,Partly cloudy
Dominica,Roseau,Light rain shower
Dominican Republic,Santo Domingo,Partly cloudy
Ecuador,Quito,Clear
Egypt,Cairo,Clear
El Salvador,San Salvador,Partly cloudy
Equatorial Guinea,Malabo,Moderate or heavy rain shower
Eritrea,Asmara,Clear
Estonia,Tallinn,Partly cloudy
Swaziland,Mbabane,Clear
Ethiopia,Addis Ababa,Mist
Fiji Islands,Suva,Partly cloudy
Finland,Helsinki,Fog
France,Paris,Overcast
Gabon,Libreville,Partly cloudy
Gambia,Banjul,Partly cloudy
Georgia,Tbilisi,Sunny
Germany,Berlin,Clear
Ghana,Accra,Partly cloudy
Greece,Athens,Partly cloudy
Grenada,Saint George's,Partly cloudy
Guatemala,Guatemala City,Light drizzle
Guinea,Conakry,Partly cloudy
Guinea-Bissau,Bissau,Light rain shower
Guyana,Georgetown,Partly cloudy
Haiti,Port-Au-Prince,Clear
Vatican City,Vatican City,Light rain
Honduras,Tegucigalpa,Partly cloudy
Hungary,Budapest,Clear
Iceland,Hella,Light rain shower
India,New Delhi,Mist
Indonesia,Jakarta,Partly cloudy
Iran,Tehran,Partly cloudy
Iraq,Baghdad,Sunny
Ireland,Dublin,Partly cloudy
Israel,Jerusalem,Partly cloudy
Italy,Rome,Light rain
Jamaica,Norman Gardens,Partly cloudy
Japan,Tokyo,Partly cloudy
Jordan,Amman,Clear
Kazakhstan,Astana,Light rain
Kenya,Nairobi,Partly cloudy
Kiribati,Tarawa,Light rain shower
Kuwait,Kuwait City,Sunny
Kyrghyzstan,Bishkek,Sunny
Indonesia,Laos,Sunny
Latvia,Riga,Clear
Lebanon,Beirut,Partly cloudy
Lesotho,Maseru,Clear
Liberia,Monrovia,Heavy rain
Thailand,Nan,Partly cloudy
Liechtenstein,Vaduz,Overcast
Lithuania,Vilnius,Partly cloudy
Luxembourg,Luxembourg,Partly cloudy
Madagascar,Antananarivo,Partly cloudy
Malawi,Lilongwe,Clear
Malaysia,Kuala Lumpur,Partly cloudy
Maldives,Farukolhufunadhoo,Partly cloudy
Mali,Bamako,Partly cloudy
Malta,Valletta,Clear
Marshall Islands,Majuro,Overcast
Mauritania,Nouakchott,Moderate or heavy rain shower
Mauritius,Port Louis,Overcast
Mexico,Mexico City,Partly cloudy
Micronesia,Palikir,Light rain
Russia,Chi-Chi-Erh,Partly cloudy
Monaco,Monaco,Partly cloudy
Mongolia,Ulaanbaatar,Sunny
Montenegro,Podgorica,Moderate rain
Morocco,Rabat,Partly cloudy
Mozambique,Maputo,Partly cloudy
Myanmar,Pathein,Light rain shower
Namibia,Windhoek,Clear
Turkey,Yaren,Clear
Nepal,Kathmandu,Partly cloudy
Netherlands,Amsterdam,Partly cloudy
New Zealand,Wellington,Partly cloudy
Nicaragua,Managua,Partly cloudy
Niger,Niamey,Clear
Nigeria,Abuja,Patchy light rain with thunder
North Korea,Pyongyang,Patchy rain possible
Macedonia,Skopje,Partly cloudy
Norway,Oslo,Partly cloudy
Oman,Muscat,Sunny
Pakistan,Islamabad,Sunny
Palau,Adkip,Partly cloudy
Bolivia,National,Clear
Panama,Panama City,Partly cloudy
Papua New Guinea,Port Moresby,Mist
Paraguay,Carreria,Partly cloudy
Peru,Lima,Partly cloudy
Philippines,Manila,Partly cloudy
Poland,Warsaw,Partly cloudy
Portugal,Lisbon,Partly cloudy
Qatar,Doha,Sunny
Romania,Bucharest,Partly cloudy
Russia,Moscow,Overcast
Rwanda,Kigali,Partly cloudy
Saint Kitts and Nevis,Basseterre,Clear
Saint Lucia,Castries,Partly cloudy
Saint Vincent and the Grenadines,Kingstown,Patchy rain possible
Samoa,Apia,Partly cloudy
San Marino,San Marino,Partly cloudy
Belgium,'S-Gravenwezel,Partly cloudy
Saudi Arabia,Riyadh,Sunny
Senegal,Dakar,Light rain shower
Serbia,Belgrade,Clear
Seychelles Islands,Victoria,Partly cloudy
Sierra Leone,Freetown,Heavy rain
Singapore,Singapore,Partly cloudy
Slovakia,Bratislava,Partly cloudy
Slovenia,Ljubljana,Overcast
Solomon Islands,Honiara,Light rain shower
Somalia,Mogadishu,Light rain shower
South Africa,Pretoria,Clear
South Korea,Seoul,Partly cloudy
Sudan,Juba,Patchy rain possible
Spain,Madrid,Clear
Sri Lanka,Colombo,Partly cloudy
Sudan,Khartoum,Partly cloudy
Suriname,Paramaribo,Partly cloudy
Sweden,Stockholm,Light rain
Switzerland,Bern,Overcast
Syria,Damascus,Clear
Tajikistan,Dushanbe,Sunny
Tanzania,Dodoma,Partly cloudy
Thailand,Bangkok,Partly cloudy
Indonesia,Murong Timor,Sunny
Bulgaria,Lom,Patchy light rain with thunder
Tonga,Nuku`Aloia,Partly cloudy
Trinidad and Tobago,Port Of Spain,Partly cloudy
Tunisia,Tunis,Partly cloudy
Turkey,Ankara,Clear
Turkmenistan,Ashgabat,Light rain
Tuvalu,Funafuti,Patchy rain possible
Uganda,Kampala,Partly cloudy
Ukraine,Lviv,Light rain shower
United Arab Emirates,Abu Dhabi,Sunny
United Kingdom,London,Partly cloudy
United States of America,Washington Park,Overcast
Uruguay,Montevideo,Clear
Uzbekistan,Tashkent,Partly cloudy
Vanuatu,Port Vila,Heavy rain
Venezuela,Caracas,Partly cloudy
Vietnam,Hanoi,Sunny
Yemen,Sanaa,Partly cloudy
Zambia,Lusaka,Clear
Zimbabwe,Harare,Clear
Afghanistan,Kabul,Clear
Albania,Tirana,Patchy light rain with thunder
Algeria,Algiers,Partly cloudy
Andorra,Andorra La Vella,Mist
Angola,Luanda,Partly cloudy
Antigua and Barbuda,Saint John's,Overcast
Argentina,Buenos Aires,Clear
Armenia,Yerevan,Clear
Australia,Canberra,Partly cloudy
Austria,Vienna,Clear
Azerbaijan,Baku,Clear
Bahamas,Nassau,Partly cloudy
Bahrain,Manama,Clear
Bangladesh,Dhaka,Partly cloudy
Barbados,Bridgetown,Partly cloudy
Belarus,Minsk,Partly cloudy
Belgium,Brussels,Clear
Belize,Belmopan,Partly cloudy
Benin,Porto-Novo,Partly cloudy
Bhutan,Thimphu,Mist
Bolivia,Sucre,Clear
Bosnia and Herzegovina,Sarajevo,Clear
Botswana,Gaborone,Clear
Brazil,Bras,Clear
Brunei Darussalam,Bandar Seri Begawan,Partly cloudy
Bulgaria,Sofia,Partly cloudy
Burkina Faso,Ouagadougou,Patchy rain possible
Burundi,Bujumbura,Clear
Madagascar,Ivory,Clear
Cape Verde,Praia,Partly cloudy
Cambodia,Phnom Penh,Partly cloudy
Cameroon,Bafoussam,Moderate or heavy rain shower
Canada,Ottawa,Partly cloudy
Central African Republic,Bangui,Clear
Chad,N'djamena,Clear
Chile,Santiago,Clear
China,Beijing,Sunny
Bulgaria,Bogot,Clear
Comoros,Moroni,Clear
Congo,Brazzaville,Clear
Costa Rica,San Juan,Partly cloudy
Croatia,Zagreb,Light rain
Cuba,Havana,Partly cloudy
Cyprus,Nicosia,Clear
Czech Republic,Prague,Partly cloudy
Democratic Republic of Congo,Kinshasa,Clear
Denmark,Copenhagen,Clear
Djibouti,Djibouti,Clear
Dominica,Roseau,Partly cloudy
Dominican Republic,Santo Domingo,Partly cloudy
Ecuador,Quito,Patchy rain possible
Egypt,Cairo,Clear
El Salvador,San Salvador,Partly cloudy
Equatorial Guinea,Malabo,Partly cloudy
Eritrea,Asmara,Patchy rain possible
Estonia,Tallinn,Light rain shower
Swaziland,Mbabane,Clear
Ethiopia,Addis Ababa,Moderate rain
Fiji Islands,Suva,Partly cloudy
Finland,Helsinki,Mist
France,Paris,Overcast
Gabon,Libreville,Partly cloudy
Gambia,Banjul,Partly cloudy
Georgia,Tbilisi,Clear
Germany,Berlin,Clear
Ghana,Accra,Overcast
Greece,Athens,Clear
Grenada,Saint George's,Partly cloudy
Guatemala,Guatemala City,Partly cloudy
Guinea,Conakry,Partly cloudy
Guinea-Bissau,Bissau,Partly cloudy
Guyana,Georgetown,Partly cloudy
Haiti,Port-Au-Prince,Overcast
Vatican City,Vatican City,Partly cloudy
Honduras,Tegucigalpa,Patchy light rain with thunder
Hungary,Budapest,Clear
Iceland,Hella,Overcast
India,New Delhi,Mist
Indonesia,Jakarta,Mist
Iran,Tehran,Partly cloudy
Iraq,Baghdad,Clear
Ireland,Dublin,Light rain
Israel,Jerusalem,Clear
Italy,Rome,Partly cloudy
Jamaica,Norman Gardens,Partly cloudy
Japan,Tokyo,Partly cloudy
Jordan,Amman,Clear
Kazakhstan,Astana,Clear
Kenya,Nairobi,Partly cloudy
Kiribati,Tarawa,Patchy rain possible
Kuwait,Kuwait City,Clear
Kyrghyzstan,Bishkek,Overcast
Indonesia,Laos,Partly cloudy
Latvia,Riga,Overcast
Lebanon,Beirut,Partly cloudy
Lesotho,Maseru,Clear
Liberia,Monrovia,Partly cloudy
Thailand,Nan,Partly cloudy
Liechtenstein,Vaduz,Partly cloudy
Lithuania,Vilnius,Overcast
Luxembourg,Luxembourg,Clear
Madagascar,Antananarivo,Partly cloudy
Malawi,Lilongwe,Clear
Malaysia,Kuala Lumpur,Partly cloudy
Maldives,Farukolhufunadhoo,Light rain shower
Mali,Bamako,Partly cloudy
Malta,Valletta,Partly cloudy
Marshall Islands,Majuro,Partly cloudy
Mauritania,Nouakchott,Light rain shower
Mauritius,Port Louis,Partly cloudy
Mexico,Mexico City,Light rain
Micronesia,Palikir,Overcast
Russia,Chi-Chi-Erh,Partly cloudy
Monaco,Monaco,Clear
Mongolia,Ulaanbaatar,Partly cloudy
Montenegro,Podgorica,Partly cloudy
Morocco,Rabat,Partly cloudy
Mozambique,Maputo,Clear
Myanmar,Pathein,Partly cloudy
Namibia,Windhoek,Clear
Turkey,Yaren,Clear
Nepal,Kathmandu,Partly cloudy
Netherlands,Amsterdam,Moderate rain
New Zealand,Wellington,Partly cloudy
Nicaragua,Managua,Partly cloudy
Niger,Niamey,Clear
Nigeria,Abuja,Partly cloudy
North Korea,Pyongyang,Partly cloudy
Macedonia,Skopje,Partly cloudy
Norway,Oslo,Partly cloudy
Oman,Muscat,Partly cloudy
Pakistan,Islamabad,Clear
Palau,Adkip,Partly cloudy
Bolivia,National,Clear
Panama,Panama City,Partly cloudy
Papua New Guinea,Port Moresby,Mist
Paraguay,Carreria,Clear
Peru,Lima,Partly cloudy
Philippines,Manila,Light rain
Poland,Warsaw,Partly cloudy
Portugal,Lisbon,Partly cloudy
Qatar,Doha,Clear
Romania,Bucharest,Partly cloudy
Russia,Moscow,Clear
Rwanda,Kigali,Partly cloudy
Saint Kitts and Nevis,Basseterre,Partly cloudy
Saint Lucia,Castries,Partly cloudy
Saint Vincent and the Grenadines,Kingstown,Patchy rain possible
Samoa,Apia,Partly cloudy
San Marino,San Marino,Clear
Belgium,'S-Gravenwezel,Clear
Saudi Arabia,Riyadh,Clear
Senegal,Dakar,Partly cloudy
Serbia,Belgrade,Clear
Seychelles Islands,Victoria,Partly cloudy
Sierra Leone,Freetown,Partly cloudy
Singapore,Singapore,Partly cloudy
Slovakia,Bratislava,Clear
Slovenia,Ljubljana,Partly cloudy
Solomon Islands,Honiara,Partly cloudy
Somalia,Mogadishu,Partly cloudy
South Africa,Pretoria,Clear
South Korea,Seoul,Partly cloudy
Sudan,Juba,Light rain shower
Spain,Madrid,Clear
Sri Lanka,Colombo,Moderate rain
Sudan,Khartoum,Partly cloudy
Suriname,Paramaribo,Patchy light rain with thunder
Sweden,Stockholm,Clear
Switzerland,Bern,Overcast
Syria,Damascus,Clear
Tajikistan,Dushanbe,Partly cloudy
Tanzania,Dodoma,Clear
Thailand,Bangkok,Partly cloudy
Indonesia,Murong Timor,Sunny
Bulgaria,Lom,Partly cloudy
Tonga,Nuku`Aloia,Partly cloudy
Trinidad and Tobago,Port Of Spain,Overcast
Tunisia,Tunis,Partly cloudy
Turkey,Ankara,Clear
Turkmenistan,Ashgabat,Clear
Tuvalu,Funafuti,Partly cloudy
Uganda,Kampala,Partly cloudy
Ukraine,Lviv,Heavy rain at times
United Arab Emirates,Abu Dhabi,Clear
United Kingdom,London,Overcast
United States of America,Washington Park,Sunny
Uruguay,Montevideo,Clear
Uzbekistan,Tashkent,Partly cloudy
Vanuatu,Port Vila,Partly cloudy
Venezuela,Caracas,Partly cloudy
Vietnam,Hanoi,Sunny
Yemen,Sanaa,Thundery outbreaks possible
Zambia,Lusaka,Clear
Zimbabwe,Harare,Clear
Afghanistan,Kabul,Clear
Albania,Tirana,Clear
Algeria,Algiers,Partly cloudy
Andorra,Andorra La Vella,Clear
Angola,Luanda,Partly cloudy
Antigua and Barbuda,Saint John's,Partly cloudy
Argentina,Buenos Aires,Clear
Armenia,Yerevan,Clear
Australia,Canberra,Sunny
Austria,Vienna,Clear
Azerbaijan,Baku,Partly cloudy
Bahamas,Nassau,Partly cloudy
Bahrain,Manama,Clear
Bangladesh,Dhaka,Patchy rain possible
Barbados,Bridgetown,Partly cloudy
Belarus,Minsk,Partly cloudy
Belgium,Brussels,Partly cloudy
Belize,Belmopan,Partly cloudy
Benin,Porto-Novo,Partly cloudy
Bhutan,Thimphu,Cloudy
Bolivia,Sucre,Moderate rain at times
Bosnia and Herzegovina,Sarajevo,Partly cloudy
Botswana,Gaborone,Clear
Brazil,Bras,Clear
Brunei Darussalam,Bandar Seri Begawan,Partly cloudy
Bulgaria,Sofia,Partly cloudy
Burkina Faso,Ouagadougou,Clear
Burundi,Bujumbura,Clear
Madagascar,Ivory,Clear
Cape Verde,Praia,Partly cloudy
Cambodia,Phnom Penh,Partly cloudy
Cameroon,Bafoussam,Light rain shower
Canada,Ottawa,Partly cloudy
Central African Republic,Bangui,Mist
Chad,N'djamena,Clear
Chile,Santiago,Partly cloudy
China,Beijing,Sunny
Bulgaria,Bogot,Clear
Comoros,Moroni,Partly cloudy
Congo,Brazzaville,Clear
Costa Rica,San Juan,Partly cloudy
Croatia,Zagreb,Clear
Cuba,Havana,Partly cloudy
Cyprus,Nicosia,Partly cloudy
Czech Republic,Prague,Clear
Democratic Republic of Congo,Kinshasa,Clear
Denmark,Copenhagen,Overcast
Djibouti,Djibouti,Mist
Dominica,Roseau,Partly cloudy
Dominican Republic,Santo Domingo,Partly cloudy
Ecuador,Quito,Patchy rain possible
Egypt,Cairo,Partly cloudy
El Salvador,San Salvador,Partly cloudy
Equatorial Guinea,Malabo,Patchy rain possible
Eritrea,Asmara,Moderate rain at times
Estonia,Tallinn,Fog
Swaziland,Mbabane,Clear
Ethiopia,Addis Ababa,Patchy rain possible
Fiji Islands,Suva,Partly cloudy
Finland,Helsinki,Partly cloudy
France,Paris,Partly cloudy
Gabon,Libreville,Partly cloudy
Gambia,Banjul,Partly cloudy
Georgia,Tbilisi,Partly cloudy
Germany,Berlin,Clear
Ghana,Accra,Partly cloudy
Greece,Athens,Clear
Grenada,Saint George's,Partly cloudy
Guatemala,Guatemala City,Partly cloudy
Guinea,Conakry,Partly cloudy
Guinea-Bissau,Bissau,Partly cloudy
Guyana,Georgetown,Partly cloudy
Haiti,Port-Au-Prince,Partly cloudy
Vatican City,Vatican City,Clear
Honduras,Tegucigalpa,Partly cloudy
Hungary,Budapest,Clear
Iceland,Hella,Cloudy
India,New Delhi,Mist
Indonesia,Jakarta,Mist
Iran,Tehran,Clear
Iraq,Baghdad,Clear
Ireland,Dublin,Light rain
Israel,Jerusalem,Partly cloudy
Italy,Rome,Clear
Jamaica,Norman Gardens,Partly cloudy
Japan,Tokyo,Partly cloudy
Jordan,Amman,Clear
Kazakhstan,Astana,Partly cloudy
Kenya,Nairobi,Partly cloudy
Kiribati,Tarawa,Patchy rain possible
Kuwait,Kuwait City,Clear
Kyrghyzstan,Bishkek,Clear
Indonesia,Laos,Sunny
Latvia,Riga,Overcast
Lebanon,Beirut,Partly cloudy
Lesotho,Maseru,Clear
Liberia,Monrovia,Moderate rain
Thailand,Nan,Partly cloudy
Liechtenstein,Vaduz,Partly cloudy
Lithuania,Vilnius,Fog
Luxembourg,Luxembourg,Light rain
Madagascar,Antananarivo,Partly cloudy
Malawi,Lilongwe,Clear
Malaysia,Kuala Lumpur,Partly cloudy
Maldives,Farukolhufunadhoo,Light rain shower
Mali,Bamako,Partly cloudy
Malta,Valletta,Clear
Marshall Islands,Majuro,Light rain
Mauritania,Nouakchott,Clear
Mauritius,Port Louis,Partly cloudy
Mexico,Mexico City,Moderate or heavy rain with thunder
Micronesia,Palikir,Partly cloudy
Russia,Chi-Chi-Erh,Sunny
Monaco,Monaco,Partly cloudy
Mongolia,Ulaanbaatar,Partly cloudy
Montenegro,Podgorica,Clear
Morocco,Rabat,Clear
Mozambique,Maputo,Clear
Myanmar,Pathein,Patchy rain possible
Namibia,Windhoek,Clear
Turkey,Yaren,Clear
Nepal,Kathmandu,Partly cloudy
Netherlands,Amsterdam,Clear
New Zealand,Wellington,Sunny
Nicaragua,Managua,Partly cloudy
Niger,Niamey,Clear
Nigeria,Abuja,Clear
North Korea,Pyongyang,Sunny
Macedonia,Skopje,Clear
Norway,Oslo,Partly cloudy
Oman,Muscat,Partly cloudy
Pakistan,Islamabad,Clear
Palau,Adkip,Partly cloudy
Bolivia,National,Clear
Panama,Panama City,Partly cloudy
Papua New Guinea,Port Moresby,Mist
Paraguay,Carreria,Clear
Peru,Lima,Cloudy
Philippines,Manila,Heavy rain at times
Poland,Warsaw,Clear
Portugal,Lisbon,Partly cloudy
Qatar,Doha,Clear
Romania,Bucharest,Clear
Russia,Moscow,Clear
Rwanda,Kigali,Partly cloudy
Saint Kitts and Nevis,Basseterre,Partly cloudy
Saint Lucia,Castries,Clear
Saint Vincent and the Grenadines,Kingstown,Partly cloudy
Samoa,Apia,Partly cloudy
San Marino,San Marino,Clear
Belgium,'S-Gravenwezel,Light rain
Saudi Arabia,Riyadh,Clear
Senegal,Dakar,Partly cloudy
Serbia,Belgrade,Partly cloudy
Seychelles Islands,Victoria,Cloudy
Sierra Leone,Freetown,Patchy rain possible
Singapore,Singapore,Partly cloudy
Slovakia,Bratislava,Clear
Slovenia,Ljubljana,Partly cloudy
Solomon Islands,Honiara,Patchy rain possible
Somalia,Mogadishu,Cloudy
South Africa,Pretoria,Clear
South Korea,Seoul,Partly cloudy
Sudan,Juba,Patchy rain possible
Spain,Madrid,Clear
Sri Lanka,Colombo,Partly cloudy
Sudan,Khartoum,Clear
Suriname,Paramaribo,Light rain
Sweden,Stockholm,Partly cloudy
Switzerland,Bern,Partly cloudy
Syria,Damascus,Clear
Tajikistan,Dushanbe,Clear
Tanzania,Dodoma,Clear
Thailand,Bangkok,Partly cloudy
Indonesia,Murong Timor,Sunny
Bulgaria,Lom,Partly cloudy
Tonga,Nuku`Aloia,Partly cloudy
Trinidad and Tobago,Port Of Spain,Overcast
Tunisia,Tunis,Partly cloudy
Turkey,Ankara,Clear
Turkmenistan,Ashgabat,Clear
Tuvalu,Funafuti,Partly cloudy
Uganda,Kampala,Partly cloudy
Ukraine,Lviv,Partly cloudy
United Arab Emirates,Abu Dhabi,Partly cloudy
United Kingdom,London,Light rain
United States of America,Washington Park,Sunny
Uruguay,Montevideo,Clear
Uzbekistan,Tashkent,Clear
Vanuatu,Port Vila,Partly cloudy
Venezuela,Caracas,Partly cloudy
Vietnam,Hanoi,Sunny
Yemen,Sanaa,Thundery outbreaks possible
Zambia,Lusaka,Clear
Zimbabwe,Harare,Clear
Afghanistan,Kabul,Moderate rain at times
Albania,Tirana,Clear
Algeria,Algiers,Clear
Andorra,Andorra La Vella,Patchy rain possible
Angola,Luanda,Partly cloudy
Antigua and Barbuda,Saint John's,Partly cloudy
Argentina,Buenos Aires,Clear
Armenia,Yerevan,Clear
Australia,Canberra,Sunny
Austria,Vienna,Clear
Azerbaijan,Baku,Clear
Bahamas,Nassau,Overcast
Bahrain,Manama,Clear
Bangladesh,Dhaka,Partly cloudy
Barbados,Bridgetown,Partly cloudy
Belarus,Minsk,Clear
Belgium,Brussels,Clear
Belize,Belmopan,Light rain
Benin,Porto-Novo,Partly cloudy
Bhutan,Thimphu,Mist
Bolivia,Sucre,Clear
Bosnia and Herzegovina,Sarajevo,Clear
Botswana,Gaborone,Clear
Brazil,Bras,Clear
Brunei Darussalam,Bandar Seri Begawan,Partly cloudy
Bulgaria,Sofia,Partly cloudy
Burkina Faso,Ouagadougou,Clear
Burundi,Bujumbura,Clear
Madagascar,Ivory,Clear
Cape Verde,Praia,Partly cloudy
Cambodia,Phnom Penh,Partly cloudy
Cameroon,Bafoussam,Moderate or heavy rain shower
Canada,Ottawa,Clear
Central African Republic,Bangui,Partly cloudy
Chad,N'djamena,Clear
Chile,Santiago,Overcast
China,Beijing,Sunny
Bulgaria,Bogot,Clear
Comoros,Moroni,Clear
Congo,Brazzaville,Clear
Costa Rica,San Juan,Overcast
Croatia,Zagreb,Clear
Cuba,Havana,Partly cloudy
Cyprus,Nicosia,Clear
Czech Republic,Prague,Clear
Democratic Republic of Congo,Kinshasa,Clear
Denmark,Copenhagen,Clear
Djibouti,Djibouti,Clear
Dominica,Roseau,Partly cloudy
Dominican Republic,Santo Domingo,Partly cloudy
Ecuador,Quito,Patchy light rain with thunder
Egypt,Cairo,Clear
El Salvador,San Salvador,Overcast
Equatorial Guinea,Malabo,Moderate or heavy rain shower
Eritrea,Asmara,Patchy rain possible
Estonia,Tallinn,Clear
Swaziland,Mbabane,Partly cloudy
Ethiopia,Addis Ababa,Partly cloudy
Fiji Islands,Suva,Partly cloudy
Finland,Helsinki,Partly cloudy
France,Paris,Partly cloudy
Gabon,Libreville,Partly cloudy
Gambia,Banjul,Partly cloudy
Georgia,Tbilisi,Partly cloudy
Germany,Berlin,Clear
Ghana,Accra,Partly cloudy
Greece,Athens,Partly cloudy
Grenada,Saint George's,Partly cloudy
Guatemala,Guatemala City,Overcast
Guinea,Conakry,Patchy light rain with thunder
Guinea-Bissau,Bissau,Partly cloudy
Guyana,Georgetown,Partly cloudy
Haiti,Port-Au-Prince,Patchy light rain with thunder
Vatican City,Vatican City,Clear
Honduras,Tegucigalpa,Partly cloudy
Hungary,Budapest,Clear
Iceland,Hella,Moderate rain
India,New Delhi,Clear
Indonesia,Jakarta,Mist
Iran,Tehran,Clear
Iraq,Baghdad,Clear
Ireland,Dublin,Fog
Israel,Jerusalem,Partly cloudy
Italy,Rome,Clear
Jamaica,Norman Gardens,Partly cloudy
Japan,Tokyo,Partly cloudy
Jordan,Amman,Clear
Kazakhstan,Astana,Fog
Kenya,Nairobi,Partly cloudy
Kiribati,Tarawa,Patchy rain possible
Kuwait,Kuwait City,Clear
Kyrghyzstan,Bishkek,Clear
Indonesia,Laos,Partly cloudy
Latvia,Riga,Partly cloudy
Lebanon,Beirut,Partly cloudy
Lesotho,Maseru,Clear
Liberia,Monrovia,Moderate or heavy rain with thunder
Thailand,Nan,Partly cloudy
Liechtenstein,Vaduz,Clear
Lithuania,Vilnius,Clear
Luxembourg,Luxembourg,Clear
Madagascar,Antananarivo,Partly cloudy
Malawi,Lilongwe,Clear
Malaysia,Kuala Lumpur,Partly cloudy
Maldives,Farukolhufunadhoo,Light rain shower
Mali,Bamako,Partly cloudy
Malta,Valletta,Partly cloudy
Marshall Islands,Majuro,Overcast
Mauritania,Nouakchott,Clear
Mauritius,Port Louis,Overcast
Mexico,Mexico City,Moderate or heavy rain with thunder
Micronesia,Palikir,Light rain
Russia,Chi-Chi-Erh,Patchy rain possible
Monaco,Monaco,Partly cloudy
Mongolia,Ulaanbaatar,Partly cloudy
Montenegro,Podgorica,Clear
Morocco,Rabat,Partly cloudy
Mozambique,Maputo,Clear
Myanmar,Pathein,Light rain shower
Namibia,Windhoek,Clear
Turkey,Yaren,Clear
Nepal,Kathmandu,Partly cloudy
Netherlands,Amsterdam,Mist
New Zealand,Wellington,Sunny
Nicaragua,Managua,Partly cloudy
Niger,Niamey,Clear
Nigeria,Abuja,Patchy light rain with thunder
North Korea,Pyongyang,Sunny
Macedonia,Skopje,Clear
Norway,Oslo,Overcast
Oman,Muscat,Clear
Pakistan,Islamabad,Clear
Palau,Adkip,Overcast
Bolivia,National,Patchy rain possible
Panama,Panama City,Partly cloudy
Papua New Guinea,Port Moresby,Mist
Paraguay,Carreria,Clear
Peru,Lima,Partly cloudy
Philippines,Manila,Light rain
Poland,Warsaw,Clear
Portugal,Lisbon,Partly cloudy
Qatar,Doha,Clear
Romania,Bucharest,Clear
Russia,Moscow,Clear
Rwanda,Kigali,Patchy light rain with thunder
Saint Kitts and Nevis,Basseterre,Partly cloudy
Saint Lucia,Castries,Light rain
Saint Vincent and the Grenadines,Kingstown,Light rain shower
Samoa,Apia,Partly cloudy
San Marino,San Marino,Clear
Belgium,'S-Gravenwezel,Overcast
Saudi Arabia,Riyadh,Clear
Senegal,Dakar,Patchy light rain with thunder
Serbia,Belgrade,Clear
Seychelles Islands,Victoria,Partly cloudy
Sierra Leone,Freetown,Partly cloudy
Singapore,Singapore,Partly cloudy
Slovakia,Bratislava,Clear
Slovenia,Ljubljana,Clear
Solomon Islands,Honiara,Partly cloudy
Somalia,Mogadishu,Partly cloudy
South Africa,Pretoria,Clear
South Korea,Seoul,Sunny
Sudan,Juba,Clear
Spain,Madrid,Clear
Sri Lanka,Colombo,Partly cloudy
Sudan,Khartoum,Clear
Suriname,Paramaribo,Partly cloudy
Sweden,Stockholm,Fog
Switzerland,Bern,Clear
Syria,Damascus,Clear
Tajikistan,Dushanbe,Clear
Tanzania,Dodoma,Clear
Thailand,Bangkok,Partly cloudy
Indonesia,Murong Timor,Partly cloudy
Bulgaria,Lom,Clear
Tonga,Nuku`Aloia,Partly cloudy
Trinidad and Tobago,Port Of Spain,Partly cloudy
Tunisia,Tunis,Clear
Turkey,Ankara,Clear
Turkmenistan,Ashgabat,Clear
Uganda,Kampala,Clear
Ukraine,Lviv,Partly cloudy
United Arab Emirates,Abu Dhabi,Partly cloudy
United Kingdom,London,Partly cloudy
United States of America,Washington Park,Partly cloudy
Uruguay,Montevideo,Clear
Uzbekistan,Tashkent,Clear
Vanuatu,Port Vila,Partly cloudy
Venezuela,Caracas,Clear
Vietnam,Hanoi,Mist
Yemen,Sanaa,Clear
Zambia,Lusaka,Clear
Zimbabwe,Harare,Clear
Afghanistan,Kabul,Clear
Albania,Tirana,Clear
Algeria,Algiers,Patchy light rain with thunder
Andorra,Andorra La Vella,Patchy rain possible
Angola,Luanda,Partly cloudy
Antigua and Barbuda,Saint John's,Partly cloudy
Argentina,Buenos Aires,Clear
Armenia,Yerevan,Clear
Australia,Canberra,Sunny
Austria,Vienna,Clear
Azerbaijan,Baku,Partly cloudy
Bahamas,Nassau,Partly cloudy
Bahrain,Manama,Clear
Bangladesh,Dhaka,Patchy rain possible
Barbados,Bridgetown,Partly cloudy
Belarus,Minsk,Clear
Belgium,Brussels,Fog
Belize,Belmopan,Partly cloudy
Benin,Porto-Novo,Partly cloudy
Bhutan,Thimphu,Patchy rain possible
Bolivia,Sucre,Clear
Bosnia and Herzegovina,Sarajevo,Clear
Botswana,Gaborone,Clear
Brazil,Bras,Clear
Brunei Darussalam,Bandar Seri Begawan,Partly cloudy
Bulgaria,Sofia,Partly cloudy
Burkina Faso,Ouagadougou,Patchy light rain with thunder
Burundi,Bujumbura,Clear
Madagascar,Ivory,Clear
Cape Verde,Praia,Clear
Cambodia,Phnom Penh,Partly cloudy
Cameroon,Bafoussam,Light rain shower
Canada,Ottawa,Partly cloudy
Central African Republic,Bangui,Moderate or heavy rain with thunder
Chad,N'djamena,Clear
Chile,Santiago,Partly cloudy
China,Beijing,Sunny
Bulgaria,Bogot,Clear
Comoros,Moroni,Clear
Congo,Brazzaville,Clear
Costa Rica,San Juan,Light rain
Croatia,Zagreb,Clear
Cuba,Havana,Partly cloudy
Cyprus,Nicosia,Partly cloudy
Czech Republic,Prague,Partly cloudy
Democratic Republic of Congo,Kinshasa,Clear
Denmark,Copenhagen,Partly cloudy
Djibouti,Djibouti,Clear
Dominica,Roseau,Partly cloudy
Dominican Republic,Santo Domingo,Partly cloudy
Ecuador,Quito,Moderate or heavy rain shower
Egypt,Cairo,Clear
El Salvador,San Salvador,Partly cloudy
Equatorial Guinea,Malabo,Moderate or heavy rain shower
Eritrea,Asmara,Clear
Estonia,Tallinn,Partly cloudy
Swaziland,Mbabane,Clear
Ethiopia,Addis Ababa,Clear
Fiji Islands,Suva,Partly cloudy
Finland,Helsinki,Clear
France,Paris,Clear
Gabon,Libreville,Partly cloudy
Gambia,Banjul,Partly cloudy
Georgia,Tbilisi,Moderate or heavy rain with thunder
Germany,Berlin,Clear
Ghana,Accra,Partly cloudy
Greece,Athens,Clear
Grenada,Saint George's,Partly cloudy
Guatemala,Guatemala City,Partly cloudy
Guinea,Conakry,Partly cloudy
Guinea-Bissau,Bissau,Partly cloudy
Guyana,Georgetown,Partly cloudy
Haiti,Port-Au-Prince,Partly cloudy
Vatican City,Vatican City,Clear
Honduras,Tegucigalpa,Partly cloudy
Hungary,Budapest,Clear
Iceland,Hella,Patchy rain possible
India,New Delhi,Mist
Indonesia,Jakarta,Partly cloudy
Iran,Tehran,Partly cloudy
Iraq,Baghdad,Clear
Ireland,Dublin,Partly cloudy
Israel,Jerusalem,Partly cloudy
Italy,Rome,Clear
Jamaica,Norman Gardens,Partly cloudy
Japan,Tokyo,Partly cloudy
Jordan,Amman,Clear
Kazakhstan,Astana,Partly cloudy
Kenya,Nairobi,Partly cloudy
Kiribati,Tarawa,Patchy rain possible
Kuwait,Kuwait City,Clear
Kyrghyzstan,Bishkek,Clear
Indonesia,Laos,Sunny
Latvia,Riga,Clear
Lebanon,Beirut,Clear
Lesotho,Maseru,Clear
Liberia,Monrovia,Light rain
Thailand,Nan,Sunny
Liechtenstein,Vaduz,Clear
Lithuania,Vilnius,Fog
Luxembourg,Luxembourg,Clear
Madagascar,Antananarivo,Partly cloudy
Malawi,Lilongwe,Clear
Malaysia,Kuala Lumpur,Partly cloudy
Maldives,Farukolhufunadhoo,Light rain shower
Mali,Bamako,Partly cloudy
Malta,Valletta,Clear
Marshall Islands,Majuro,Light rain shower
Mauritania,Nouakchott,Clear
Mauritius,Port Louis,Overcast
Mexico,Mexico City,Light rain
Micronesia,Palikir,Overcast
Russia,Chi-Chi-Erh,Partly cloudy
Monaco,Monaco,Clear
Mongolia,Ulaanbaatar,Partly cloudy
Montenegro,Podgorica,Clear
Morocco,Rabat,Partly cloudy
Mozambique,Maputo,Clear
Myanmar,Pathein,Partly cloudy
Namibia,Windhoek,Clear
Turkey,Yaren,Partly cloudy
Nepal,Kathmandu,Partly cloudy
Netherlands,Amsterdam,Fog
New Zealand,Wellington,Sunny
Nicaragua,Managua,Patchy light rain with thunder
Niger,Niamey,Partly cloudy
Nigeria,Abuja,Moderate or heavy rain with thunder
North Korea,Pyongyang,Partly cloudy
Macedonia,Skopje,Clear
Norway,Oslo,Light rain
Oman,Muscat,Clear
Pakistan,Islamabad,Clear
Palau,Adkip,Partly cloudy
Bolivia,National,Clear
Panama,Panama City,Partly cloudy
Papua New Guinea,Port Moresby,Sunny
Paraguay,Carreria,Clear
Peru,Lima,Partly cloudy
Philippines,Manila,Light rain
Poland,Warsaw,Clear
Portugal,Lisbon,Partly cloudy
Qatar,Doha,Clear
Romania,Bucharest,Clear
Russia,Moscow,Clear
Rwanda,Kigali,Partly cloudy
Saint Kitts and Nevis,Basseterre,Partly cloudy
Saint Lucia,Castries,Partly cloudy
Saint Vincent and the Grenadines,Kingstown,Patchy rain possible
Samoa,Apia,Partly cloudy
San Marino,San Marino,Clear
Belgium,'S-Gravenwezel,Clear
Saudi Arabia,Riyadh,Clear
Senegal,Dakar,Partly cloudy
Serbia,Belgrade,Clear
Seychelles Islands,Victoria,Light rain
Sierra Leone,Freetown,Partly cloudy
Singapore,Singapore,Partly cloudy
Slovakia,Bratislava,Clear
Slovenia,Ljubljana,Clear
Solomon Islands,Honiara,Sunny
Somalia,Mogadishu,Partly cloudy
South Africa,Pretoria,Clear
South Korea,Seoul,Overcast
Sudan,Juba,Clear
Spain,Madrid,Partly cloudy
Sri Lanka,Colombo,Partly cloudy
Sudan,Khartoum,Thundery outbreaks possible
Suriname,Paramaribo,Clear
Sweden,Stockholm,Clear
Switzerland,Bern,Clear
Syria,Damascus,Clear
Tajikistan,Dushanbe,Clear
Tanzania,Dodoma,Clear
Thailand,Bangkok,Partly cloudy
Indonesia,Murong Timor,Sunny
Bulgaria,Lom,Clear
Tonga,Nuku`Aloia,Partly cloudy
Trinidad and Tobago,Port Of Spain,Partly cloudy
Tunisia,Tunis,Partly cloudy
Turkey,Ankara,Moderate or heavy rain with thunder
Turkmenistan,Ashgabat,Clear
Tuvalu,Funafuti,Partly cloudy
Uganda,Kampala,Clear
Ukraine,Lviv,Partly cloudy
United Arab Emirates,Abu Dhabi,Clear
United Kingdom,London,Clear
United States of America,Washington Park,Sunny
Uruguay,Montevideo,Clear
Uzbekistan,Tashkent,Clear
Vanuatu,Port Vila,Partly cloudy
Venezuela,Caracas,Partly cloudy
Vietnam,Hanoi,Sunny
Yemen,Sanaa,Clear
Zambia,Lusaka,Clear
Zimbabwe,Harare,Clear
Afghanistan,Kabul,Patchy rain possible
Albania,Tirana,Partly cloudy
Algeria,Algiers,Cloudy
Andorra,Andorra La Vella,Clear
Angola,Luanda,Partly cloudy
Antigua and Barbuda,Saint John's,Partly cloudy
Argentina,Buenos Aires,Overcast
Armenia,Yerevan,Clear
Australia,Canberra,Overcast
Austria,Vienna,Partly cloudy
Azerbaijan,Baku,Clear
Bahamas,Nassau,Partly cloudy
Bahrain,Manama,Clear
Bangladesh,Dhaka,Light rain shower
Barbados,Bridgetown,Partly cloudy
Belarus,Minsk,Clear
Belgium,Brussels,Clear
Belize,Belmopan,Partly cloudy
Benin,Porto-Novo,Partly cloudy
Bhutan,Thimphu,Clear
Bolivia,Sucre,Clear
Bosnia and Herzegovina,Sarajevo,Partly cloudy
Botswana,Gaborone,Clear
Brazil,Bras,Clear
Brunei Darussalam,Bandar Seri Begawan,Partly cloudy
Bulgaria,Sofia,Moderate or heavy rain with thunder
Burkina Faso,Ouagadougou,Partly cloudy
Burundi,Bujumbura,Clear
Madagascar,Ivory,Clear
Cape Verde,Praia,Clear
Cambodia,Phnom Penh,Partly cloudy
Cameroon,Bafoussam,Torrential rain shower
Canada,Ottawa,Partly cloudy
Central African Republic,Bangui,Patchy light rain with thunder
Chad,N'djamena,Partly cloudy
Chile,Santiago,Partly cloudy
China,Beijing,Mist
Bulgaria,Bogot,Moderate or heavy rain shower
Comoros,Moroni,Clear
Congo,Brazzaville,Partly cloudy
Costa Rica,San Juan,Partly cloudy
Croatia,Zagreb,Clear
Cuba,Havana,Partly cloudy
Cyprus,Nicosia,Partly cloudy
Czech Republic,Prague,Clear
Democratic Republic of Congo,Kinshasa,Partly cloudy
Denmark,Copenhagen,Partly cloudy
Djibouti,Djibouti,Partly cloudy
Dominica,Roseau,Partly cloudy
Dominican Republic,Santo Domingo,Partly cloudy
Ecuador,Quito,Light rain shower
Egypt,Cairo,Clear
El Salvador,San Salvador,Moderate or heavy rain with thunder
Equatorial Guinea,Malabo,Light rain shower
Eritrea,Asmara,Clear
Estonia,Tallinn,Clear
Swaziland,Mbabane,Clear
Ethiopia,Addis Ababa,Partly cloudy
Fiji Islands,Suva,Partly cloudy
Finland,Helsinki,Partly cloudy
France,Paris,Clear
Gabon,Libreville,Partly cloudy
Gambia,Banjul,Partly cloudy
Georgia,Tbilisi,Partly cloudy
Germany,Berlin,Clear
Ghana,Accra,Partly cloudy
Greece,Athens,Clear
Grenada,Saint George's,Partly cloudy
Guatemala,Guatemala City,Partly cloudy
Guinea,Conakry,Partly cloudy
Guinea-Bissau,Bissau,Partly cloudy
Guyana,Georgetown,Partly cloudy
Haiti,Port-Au-Prince,Partly cloudy
Vatican City,Vatican City,Clear
Honduras,Tegucigalpa,Partly cloudy
Hungary,Budapest,Clear
Iceland,Hella,Light rain shower
India,New Delhi,Mist
Indonesia,Jakarta,Partly cloudy
Iran,Tehran,Partly cloudy
Iraq,Baghdad,Clear
Ireland,Dublin,Partly cloudy
Israel,Jerusalem,Partly cloudy
Italy,Rome,Clear
Jamaica,Norman Gardens,Partly cloudy
Japan,Tokyo,Light rain shower
Jordan,Amman,Clear
Kazakhstan,Astana,Mist
Kenya,Nairobi,Partly cloudy
Kiribati,Tarawa,Light rain shower
Kuwait,Kuwait City,Clear
Kyrghyzstan,Bishkek,Partly cloudy
Indonesia,Laos,Partly cloudy
Latvia,Riga,Fog
Lebanon,Beirut,Partly cloudy
Lesotho,Maseru,Clear
Liberia,Monrovia,Partly cloudy
Thailand,Nan,Sunny
Liechtenstein,Vaduz,Clear
Lithuania,Vilnius,Fog
Luxembourg,Luxembourg,Clear
Madagascar,Antananarivo,Partly cloudy
Malawi,Lilongwe,Clear
Malaysia,Kuala Lumpur,Partly cloudy
Maldives,Farukolhufunadhoo,Patchy rain possible
Mali,Bamako,Partly cloudy
Malta,Valletta,Clear
Marshall Islands,Majuro,Partly cloudy
Mauritania,Nouakchott,Clear
Mauritius,Port Louis,Overcast
Mexico,Mexico City,Thundery outbreaks possible
Micronesia,Palikir,Overcast
Russia,Chi-Chi-Erh,Sunny
Monaco,Monaco,Clear
Mongolia,Ulaanbaatar,Sunny
Montenegro,Podgorica,Clear
Morocco,Rabat,Clear
Mozambique,Maputo,Clear
Myanmar,Pathein,Mist
Namibia,Windhoek,Clear
Turkey,Yaren,Clear
Nepal,Kathmandu,Partly cloudy
Netherlands,Amsterdam,Fog
New Zealand,Wellington,Partly cloudy
Nicaragua,Managua,Moderate or heavy rain with thunder
Niger,Niamey,Clear
Nigeria,Abuja,Moderate or heavy rain with thunder
North Korea,Pyongyang,Light rain shower
Macedonia,Skopje,Moderate or heavy rain with thunder
Norway,Oslo,Partly cloudy
Oman,Muscat,Clear
Pakistan,Islamabad,Clear
Palau,Adkip,Partly cloudy
Bolivia,National,Patchy rain possible
Panama,Panama City,Partly cloudy
Papua New Guinea,Port Moresby,Sunny
Paraguay,Carreria,Clear
Peru,Lima,Sunny
Philippines,Manila,Light rain
Poland,Warsaw,Clear
Portugal,Lisbon,Clear
Qatar,Doha,Clear
Romania,Bucharest,Light rain
Russia,Moscow,Clear
Rwanda,Kigali,Partly cloudy
Saint Kitts and Nevis,Basseterre,Partly cloudy
Saint Lucia,Castries,Partly cloudy
Saint Vincent and the Grenadines,Kingstown,Partly cloudy
Samoa,Apia,Partly cloudy
San Marino,San Marino,Clear
Belgium,'S-Gravenwezel,Clear
Saudi Arabia,Riyadh,Clear
Senegal,Dakar,Partly cloudy
Serbia,Belgrade,Clear
Seychelles Islands,Victoria,Partly cloudy
Sierra Leone,Freetown,Partly cloudy
Singapore,Singapore,Partly cloudy
Slovakia,Bratislava,Clear
Slovenia,Ljubljana,Partly cloudy
Solomon Islands,Honiara,Partly cloudy
Somalia,Mogadishu,Partly cloudy
South Africa,Pretoria,Clear
South Korea,Seoul,Partly cloudy
Sudan,Juba,Clear
Spain,Madrid,Overcast
Sri Lanka,Colombo,Partly cloudy
Sudan,Khartoum,Partly cloudy
Suriname,Paramaribo,Clear
Sweden,Stockholm,Partly cloudy
Switzerland,Bern,Clear
Syria,Damascus,Clear
Tajikistan,Dushanbe,Partly cloudy
Tanzania,Dodoma,Clear
Thailand,Bangkok,Partly cloudy
Indonesia,Murong Timor,Sunny
Bulgaria,Lom,Partly cloudy
Tonga,Nuku`Aloia,Partly cloudy
Trinidad and Tobago,Port Of Spain,Partly cloudy
Tunisia,Tunis,Partly cloudy
Turkey,Ankara,Partly cloudy
Turkmenistan,Ashgabat,Clear
Tuvalu,Funafuti,Partly cloudy
Uganda,Kampala,Clear
Ukraine,Lviv,Clear
United Arab Emirates,Abu Dhabi,Clear
United Kingdom,London,Mist
United States of America,Washington Park,Sunny
Uruguay,Montevideo,Light rain
Uzbekistan,Tashkent,Partly cloudy
Vanuatu,Port Vila,Partly cloudy
Venezuela,Caracas,Partly cloudy
Vietnam,Hanoi,Light rain
Yemen,Sanaa,Clear
Zambia,Lusaka,Clear
Zimbabwe,Harare,Clear
Afghanistan,Kabul,Clear
Albania,Tirana,Partly cloudy
Algeria,Algiers,Partly cloudy
Andorra,Andorra La Vella,Clear
Angola,Luanda,Partly cloudy
Antigua and Barbuda,Saint John's,Partly cloudy
Argentina,Buenos Aires,Clear
Armenia,Yerevan,Clear
Australia,Canberra,Sunny
Austria,Vienna,Clear
Azerbaijan,Baku,Clear
Bahamas,Nassau,Partly cloudy
Bahrain,Manama,Clear
Bangladesh,Dhaka,Partly cloudy
Barbados,Bridgetown,Partly cloudy
Belarus,Minsk,Mist
Belgium,Brussels,Clear
Belize,Belmopan,Partly cloudy
Benin,Porto-Novo,Partly cloudy
Bhutan,Thimphu,Partly cloudy
Bolivia,Sucre,Patchy rain possible
Bosnia and Herzegovina,Sarajevo,Partly cloudy
Botswana,Gaborone,Clear
Brazil,Bras,Clear
Brunei Darussalam,Bandar Seri Begawan,Partly cloudy
Bulgaria,Sofia,Light rain
Burkina Faso,Ouagadougou,Patchy rain possible
Burundi,Bujumbura,Clear
Madagascar,Ivory,Clear
Cape Verde,Praia,Partly cloudy
Cambodia,Phnom Penh,Partly cloudy
Cameroon,Bafoussam,Patchy light drizzle
Canada,Ottawa,Partly cloudy
Central African Republic,Bangui,Partly cloudy
Chad,N'djamena,Partly cloudy
Chile,Santiago,Partly cloudy
China,Beijing,Mist
Bulgaria,Bogot,Clear
Comoros,Moroni,Clear
Congo,Brazzaville,Light rain shower
Costa Rica,San Juan,Light rain
Croatia,Zagreb,Clear
Cuba,Havana,Partly cloudy
Cyprus,Nicosia,Partly cloudy
Czech Republic,Prague,Clear
Democratic Republic of Congo,Kinshasa,Partly cloudy
Denmark,Copenhagen,Clear
Djibouti,Djibouti,Clear
Dominica,Roseau,Partly cloudy
Dominican Republic,Santo Domingo,Partly cloudy
Ecuador,Quito,Patchy rain possible
Egypt,Cairo,Clear
El Salvador,San Salvador,Partly cloudy
Equatorial Guinea,Malabo,Partly cloudy
Eritrea,Asmara,Clear
Estonia,Tallinn,Partly cloudy
Swaziland,Mbabane,Clear
Ethiopia,Addis Ababa,Partly cloudy
Fiji Islands,Suva,Partly cloudy
Finland,Helsinki,Partly cloudy
France,Paris,Clear
Gabon,Libreville,Partly cloudy
Gambia,Banjul,Partly cloudy
Georgia,Tbilisi,Partly cloudy
Germany,Berlin,Clear
Ghana,Accra,Overcast
Greece,Athens,Partly cloudy
Grenada,Saint George's,Partly cloudy
Guatemala,Guatemala City,Partly cloudy
Guinea,Conakry,Light rain
Guinea-Bissau,Bissau,Light rain
Guyana,Georgetown,Partly cloudy
Haiti,Port-Au-Prince,Partly cloudy
Vatican City,Vatican City,Clear
Honduras,Tegucigalpa,Partly cloudy
Hungary,Budapest,Clear
Iceland,Hella,Clear
India,New Delhi,Mist
Indonesia,Jakarta,Partly cloudy
Iran,Tehran,Partly cloudy
Iraq,Baghdad,Clear
Ireland,Dublin,Partly cloudy
Israel,Jerusalem,Clear
Italy,Rome,Clear
Jamaica,Norman Gardens,Partly cloudy
Japan,Tokyo,Overcast
Jordan,Amman,Mist
Kazakhstan,Astana,Overcast
Kenya,Nairobi,Partly cloudy
Kiribati,Tarawa,Patchy rain possible
Kuwait,Kuwait City,Clear
Kyrghyzstan,Bishkek,Clear
Indonesia,Laos,Partly cloudy
Latvia,Riga,Clear
Lebanon,Beirut,Clear
Lesotho,Maseru,Clear
Liberia,Monrovia,Partly cloudy
Thailand,Nan,Partly cloudy
Liechtenstein,Vaduz,Clear
Lithuania,Vilnius,Clear
Luxembourg,Luxembourg,Clear
Madagascar,Antananarivo,Partly cloudy
Malawi,Lilongwe,Clear
Malaysia,Kuala Lumpur,Partly cloudy
Maldives,Farukolhufunadhoo,Light rain shower
Mali,Bamako,Partly cloudy
Malta,Valletta,Clear
Marshall Islands,Majuro,Partly cloudy
Mauritania,Nouakchott,Clear
Mauritius,Port Louis,Partly cloudy
Mexico,Mexico City,Overcast
Micronesia,Palikir,Overcast
Russia,Chi-Chi-Erh,Partly cloudy
Monaco,Monaco,Clear
Mongolia,Ulaanbaatar,Partly cloudy
Montenegro,Podgorica,Clear
Morocco,Rabat,Clear
Mozambique,Maputo,Partly cloudy
Myanmar,Pathein,Moderate or heavy rain shower
Namibia,Windhoek,Clear
Turkey,Yaren,Partly cloudy
Nepal,Kathmandu,Partly cloudy
Netherlands,Amsterdam,Clear
New Zealand,Wellington,Overcast
Nicaragua,Managua,Partly cloudy
Niger,Niamey,Clear
Nigeria,Abuja,Partly cloudy
North Korea,Pyongyang,Sunny
Macedonia,Skopje,Partly cloudy
Norway,Oslo,Moderate rain
Oman,Muscat,Clear
Pakistan,Islamabad,Clear
Palau,Adkip,Light rain
Bolivia,National,Partly cloudy
Panama,Panama City,Partly cloudy
Papua New Guinea,Port Moresby,Mist
Paraguay,Carreria,Partly cloudy
Peru,Lima,Partly cloudy
Philippines,Manila,Light rain
Poland,Warsaw,Clear
Portugal,Lisbon,Partly cloudy
Qatar,Doha,Clear
Romania,Bucharest,Clear
Russia,Moscow,Clear
Rwanda,Kigali,Partly cloudy
Saint Kitts and Nevis,Basseterre,Partly cloudy
Saint Lucia,Castries,Partly cloudy
Saint Vincent and the Grenadines,Kingstown,Clear
Samoa,Apia,Partly cloudy
San Marino,San Marino,Clear
Belgium,'S-Gravenwezel,Clear
Saudi Arabia,Riyadh,Clear
Senegal,Dakar,Partly cloudy
Serbia,Belgrade,Clear
Seychelles Islands,Victoria,Partly cloudy
Sierra Leone,Freetown,Moderate rain
Singapore,Singapore,Partly cloudy
Slovakia,Bratislava,Clear
Slovenia,Ljubljana,Partly cloudy
Solomon Islands,Honiara,Partly cloudy
Somalia,Mogadishu,Partly cloudy
South Africa,Pretoria,Clear
South Korea,Seoul,Partly cloudy
Sudan,Juba,Clear
Spain,Madrid,Partly cloudy
Sri Lanka,Colombo,Partly cloudy
Sudan,Khartoum,Clear
Suriname,Paramaribo,Partly cloudy
Sweden,Stockholm,Clear
Switzerland,Bern,Clear
Syria,Damascus,Clear
Tajikistan,Dushanbe,Clear
Tanzania,Dodoma,Clear
Thailand,Bangkok,Partly cloudy
Indonesia,Murong Timor,Sunny
Bulgaria,Lom,Cloudy
Tonga,Nuku`Aloia,Partly cloudy
Trinidad and Tobago,Port Of Spain,Partly cloudy
Tunisia,Tunis,Partly cloudy
Turkey,Ankara,Light rain
Turkmenistan,Ashgabat,Clear
Tuvalu,Funafuti,Partly cloudy
Uganda,Kampala,Partly cloudy
Ukraine,Lviv,Clear
United Arab Emirates,Abu Dhabi,Partly cloudy
United Kingdom,London,Clear
United States of America,Washington Park,Sunny
Uruguay,Montevideo,Partly cloudy
Uzbekistan,Tashkent,Clear
Vanuatu,Port Vila,Partly cloudy
Venezuela,Caracas,Partly cloudy
Vietnam,Hanoi,Sunny
Yemen,Sanaa,Clear
Zambia,Lusaka,Clear
Zimbabwe,Harare,Clear
Afghanistan,Kabul,Clear
Albania,Tirana,Partly cloudy
Algeria,Algiers,Partly cloudy
Andorra,Andorra La Vella,Clear
Angola,Luanda,Partly cloudy
Antigua and Barbuda,Saint John's,Overcast
Argentina,Buenos Aires,Clear
Armenia,Yerevan,Clear
Australia,Canberra,Sunny
Austria,Vienna,Clear
Azerbaijan,Baku,Clear
Bahamas,Nassau,Partly cloudy
Bahrain,Manama,Clear
Bangladesh,Dhaka,Patchy rain possible
Barbados,Bridgetown,Partly cloudy
Belarus,Minsk,Clear
Belgium,Brussels,Clear
Belize,Belmopan,Partly cloudy
Benin,Porto-Novo,Partly cloudy
Bhutan,Thimphu,Partly cloudy
Bolivia,Sucre,Clear
Bosnia and Herzegovina,Sarajevo,Partly cloudy
Botswana,Gaborone,Clear
Brazil,Bras,Clear
Brunei Darussalam,Bandar Seri Begawan,Partly cloudy
Bulgaria,Sofia,Overcast
Burkina Faso,Ouagadougou,Patchy light rain with thunder
Burundi,Bujumbura,Patchy rain possible
Madagascar,Ivory,Clear
Cape Verde,Praia,Partly cloudy
Cambodia,Phnom Penh,Partly cloudy
Cameroon,Bafoussam,Mist
Canada,Ottawa,Partly cloudy
Central African Republic,Bangui,Clear
Chad,N'djamena,Partly cloudy
Chile,Santiago,Mist
China,Beijing,Mist
Bulgaria,Bogot,Partly cloudy
Comoros,Moroni,Partly cloudy
Congo,Brazzaville,Clear
Costa Rica,San Juan,Moderate rain
Croatia,Zagreb,Clear
Cuba,Havana,Partly cloudy
Cyprus,Nicosia,Clear
Czech Republic,Prague,Clear
Democratic Republic of Congo,Kinshasa,Clear
Denmark,Copenhagen,Fog
Djibouti,Djibouti,Clear
Dominica,Roseau,Partly cloudy
Dominican Republic,Santo Domingo,Partly cloudy
Ecuador,Quito,Sunny
Egypt,Cairo,Clear
El Salvador,San Salvador,Partly cloudy
Equatorial Guinea,Malabo,Partly cloudy
Eritrea,Asmara,Clear
Estonia,Tallinn,Partly cloudy
Swaziland,Mbabane,Partly cloudy
Ethiopia,Addis Ababa,Partly cloudy
Fiji Islands,Suva,Partly cloudy
Finland,Helsinki,Clear
France,Paris,Clear
Gabon,Libreville,Partly cloudy
Gambia,Banjul,Partly cloudy
Georgia,Tbilisi,Clear
Germany,Berlin,Clear
Ghana,Accra,Clear
Greece,Athens,Partly cloudy
Grenada,Saint George's,Moderate or heavy rain with thunder
Guatemala,Guatemala City,Partly cloudy
Guinea,Conakry,Light rain
Guinea-Bissau,Bissau,Partly cloudy
Guyana,Georgetown,Partly cloudy
Haiti,Port-Au-Prince,Moderate or heavy rain with thunder
Vatican City,Vatican City,Clear
Honduras,Tegucigalpa,Partly cloudy
Hungary,Budapest,Clear
Iceland,Hella,Patchy rain possible
India,New Delhi,Mist
Indonesia,Jakarta,Mist
Iran,Tehran,Partly cloudy
Iraq,Baghdad,Clear
Ireland,Dublin,Partly cloudy
Israel,Jerusalem,Clear
Italy,Rome,Clear
Jamaica,Norman Gardens,Partly cloudy
Japan,Tokyo,Light rain
Jordan,Amman,Clear
Kazakhstan,Astana,Partly cloudy
Kenya,Nairobi,Partly cloudy
Kiribati,Tarawa,Partly cloudy
Kuwait,Kuwait City,Clear
Kyrghyzstan,Bishkek,Clear
Indonesia,Laos,Mist
Latvia,Riga,Clear
Lebanon,Beirut,Partly cloudy
Lesotho,Maseru,Clear
Liberia,Monrovia,Partly cloudy
Thailand,Nan,Light rain
Liechtenstein,Vaduz,Clear
Lithuania,Vilnius,Partly cloudy
Luxembourg,Luxembourg,Clear
Madagascar,Antananarivo,Partly cloudy
Malawi,Lilongwe,Clear
Malaysia,Kuala Lumpur,Light rain
Maldives,Farukolhufunadhoo,Patchy rain possible
Mali,Bamako,Moderate or heavy rain with thunder
Malta,Valletta,Moderate rain
Marshall Islands,Majuro,Partly cloudy
Mauritania,Nouakchott,Partly cloudy
Mauritius,Port Louis,Partly cloudy
Mexico,Mexico City,Patchy light rain with thunder
Micronesia,Palikir,Partly cloudy
Russia,Chi-Chi-Erh,Clear
Monaco,Monaco,Clear
Mongolia,Ulaanbaatar,Sunny
Montenegro,Podgorica,Clear
Morocco,Rabat,Partly cloudy
Mozambique,Maputo,Partly cloudy
Myanmar,Pathein,Light rain shower
Namibia,Windhoek,Clear
Turkey,Yaren,Partly cloudy
Nepal,Kathmandu,Partly cloudy
Netherlands,Amsterdam,Clear
New Zealand,Wellington,Overcast
Nicaragua,Managua,Partly cloudy
Niger,Niamey,Clear
Nigeria,Abuja,Partly cloudy
North Korea,Pyongyang,Sunny
Macedonia,Skopje,Partly cloudy
Norway,Oslo,Partly cloudy
Oman,Muscat,Clear
Pakistan,Islamabad,Partly cloudy
Palau,Adkip,Partly cloudy
Bolivia,National,Partly cloudy
Panama,Panama City,Partly cloudy
Papua New Guinea,Port Moresby,Overcast
Paraguay,Carreria,Clear
Peru,Lima,Cloudy
Philippines,Manila,Partly cloudy
Poland,Warsaw,Clear
Portugal,Lisbon,Partly cloudy
Qatar,Doha,Partly cloudy
Romania,Bucharest,Clear
Russia,Moscow,Clear
Rwanda,Kigali,Partly cloudy
Saint Kitts and Nevis,Basseterre,Partly cloudy
Saint Lucia,Castries,Partly cloudy
Saint Vincent and the Grenadines,Kingstown,Light rain shower
Samoa,Apia,Partly cloudy
San Marino,San Marino,Clear
Belgium,'S-Gravenwezel,Clear
Saudi Arabia,Riyadh,Clear
Senegal,Dakar,Patchy light rain with thunder
Serbia,Belgrade,Clear
Seychelles Islands,Victoria,Partly cloudy
Sierra Leone,Freetown,Patchy rain possible
Singapore,Singapore,Partly cloudy
Slovakia,Bratislava,Clear
Slovenia,Ljubljana,Clear
Solomon Islands,Honiara,Partly cloudy
Somalia,Mogadishu,Partly cloudy
South Africa,Pretoria,Clear
South Korea,Seoul,Sunny
Sudan,Juba,Partly cloudy
Spain,Madrid,Clear
Sri Lanka,Colombo,Partly cloudy
Sudan,Khartoum,Clear
Suriname,Paramaribo,Partly cloudy
Sweden,Stockholm,Overcast
Switzerland,Bern,Clear
Syria,Damascus,Clear
Tajikistan,Dushanbe,Clear
Tanzania,Dodoma,Clear
Thailand,Bangkok,Light rain
Indonesia,Murong Timor,Sunny
Bulgaria,Lom,Clear
Tonga,Nuku`Aloia,Partly cloudy
Trinidad and Tobago,Port Of Spain,Partly cloudy
Tunisia,Tunis,Partly cloudy
Turkey,Ankara,Clear
Turkmenistan,Ashgabat,Clear
Tuvalu,Funafuti,Partly cloudy
Uganda,Kampala,Clear
Ukraine,Lviv,Clear
United Arab Emirates,Abu Dhabi,Clear
United Kingdom,London,Clear
United States of America,Washington Park,Sunny
Uruguay,Montevideo,Clear
Uzbekistan,Tashkent,Clear
Vanuatu,Port Vila,Partly cloudy
Venezuela,Caracas,Partly cloudy
Vietnam,Hanoi,Sunny
Yemen,Sanaa,Clear
Zambia,Lusaka,Clear
Zimbabwe,Harare,Clear
Afghanistan,Kabul,Clear
Albania,Tirana,Partly cloudy
Algeria,Algiers,Partly cloudy
Andorra,Andorra La Vella,Clear
Angola,Luanda,Clear
Antigua and Barbuda,Saint John's,Partly cloudy
Argentina,Buenos Aires,Clear
Armenia,Yerevan,Clear
Australia,Canberra,Sunny
Austria,Vienna,Clear
Azerbaijan,Baku,Partly cloudy
Bahamas,Nassau,Partly cloudy
Bahrain,Manama,Mist
Bangladesh,Dhaka,Overcast
Barbados,Bridgetown,Partly cloudy
Belarus,Minsk,Clear
Belgium,Brussels,Clear
Belize,Belmopan,Partly cloudy
Benin,Porto-Novo,Partly cloudy
Bhutan,Thimphu,Partly cloudy
Bolivia,Sucre,Patchy rain possible
Bosnia and Herzegovina,Sarajevo,Clear
Botswana,Gaborone,Clear
Brazil,Bras,Clear
Brunei Darussalam,Bandar Seri Begawan,Light rain
Bulgaria,Sofia,Overcast
Burkina Faso,Ouagadougou,Clear
Burundi,Bujumbura,Patchy rain possible
Madagascar,Ivory,Clear
Cape Verde,Praia,Moderate or heavy rain with thunder
Cambodia,Phnom Penh,Partly cloudy
Cameroon,Bafoussam,Mist
Canada,Ottawa,Partly cloudy
Central African Republic,Bangui,Partly cloudy
Chad,N'djamena,Clear
Chile,Santiago,Heavy rain
China,Beijing,Mist
Bulgaria,Bogot,Partly cloudy
Comoros,Moroni,Clear
Congo,Brazzaville,Partly cloudy
Costa Rica,San Juan,Partly cloudy
Croatia,Zagreb,Clear
Cuba,Havana,Partly cloudy
Cyprus,Nicosia,Partly cloudy
Czech Republic,Prague,Clear
Democratic Republic of Congo,Kinshasa,Partly cloudy
Denmark,Copenhagen,Partly cloudy
Djibouti,Djibouti,Partly cloudy
Dominica,Roseau,Partly cloudy
Dominican Republic,Santo Domingo,Partly cloudy
Ecuador,Quito,Patchy rain possible
Egypt,Cairo,Clear
El Salvador,San Salvador,Partly cloudy
Equatorial Guinea,Malabo,Partly cloudy
Eritrea,Asmara,Clear
Estonia,Tallinn,Clear
Swaziland,Mbabane,Mist
Ethiopia,Addis Ababa,Clear
Fiji Islands,Suva,Partly cloudy
Finland,Helsinki,Clear
France,Paris,Clear
Gabon,Libreville,Partly cloudy
Gambia,Banjul,Partly cloudy
Georgia,Tbilisi,Clear
Germany,Berlin,Clear
Ghana,Accra,Partly cloudy
Greece,Athens,Moderate rain
Grenada,Saint George's,Partly cloudy
Guatemala,Guatemala City,Moderate or heavy rain with thunder
Guinea,Conakry,Light rain shower
Guinea-Bissau,Bissau,Partly cloudy
Guyana,Georgetown,Partly cloudy
Haiti,Port-Au-Prince,Partly cloudy
Vatican City,Vatican City,Clear
Honduras,Tegucigalpa,Partly cloudy
Hungary,Budapest,Clear
Iceland,Hella,Light drizzle
India,New Delhi,Mist
Indonesia,Jakarta,Mist
Iran,Tehran,Clear
Iraq,Baghdad,Clear
Ireland,Dublin,Partly cloudy
Israel,Jerusalem,Clear
Italy,Rome,Clear
Jamaica,Norman Gardens,Partly cloudy
Japan,Tokyo,Partly cloudy
Jordan,Amman,Clear
Kazakhstan,Astana,Partly cloudy
Kenya,Nairobi,Patchy rain possible
Kiribati,Tarawa,Light rain shower
Kuwait,Kuwait City,Clear
Kyrghyzstan,Bishkek,Partly cloudy
Indonesia,Laos,Mist
Latvia,Riga,Clear
Lebanon,Beirut,Clear
Lesotho,Maseru,Clear
Liberia,Monrovia,Partly cloudy
Thailand,Nan,Partly cloudy
Liechtenstein,Vaduz,Clear
Lithuania,Vilnius,Clear
Luxembourg,Luxembourg,Clear
Madagascar,Antananarivo,Partly cloudy
Malawi,Lilongwe,Clear
Malaysia,Kuala Lumpur,Partly cloudy
Maldives,Farukolhufunadhoo,Light rain shower
Mali,Bamako,Moderate or heavy rain with thunder
Malta,Valletta,Partly cloudy
Marshall Islands,Majuro,Partly cloudy
Mauritania,Nouakchott,Clear
Mauritius,Port Louis,Partly cloudy
Mexico,Mexico City,Moderate or heavy rain with thunder
Micronesia,Palikir,Overcast
Russia,Chi-Chi-Erh,Partly cloudy
Monaco,Monaco,Clear
Mongolia,Ulaanbaatar,Moderate rain
Montenegro,Podgorica,Clear
Morocco,Rabat,Partly cloudy
Mozambique,Maputo,Partly cloudy
Myanmar,Pathein,Light rain shower
Namibia,Windhoek,Clear
Turkey,Yaren,Clear
Nepal,Kathmandu,Moderate or heavy rain with thunder
Netherlands,Amsterdam,Clear
New Zealand,Wellington,Sunny
Nicaragua,Managua,Partly cloudy
Niger,Niamey,Clear
Nigeria,Abuja,Partly cloudy
North Korea,Pyongyang,Sunny
Macedonia,Skopje,Partly cloudy
Norway,Oslo,Partly cloudy
Oman,Muscat,Clear
Pakistan,Islamabad,Clear
Palau,Adkip,Partly cloudy
Bolivia,National,Clear
Panama,Panama City,Partly cloudy
Papua New Guinea,Port Moresby,Partly cloudy
Paraguay,Carreria,Clear
Peru,Lima,Partly cloudy
Philippines,Manila,Partly cloudy
Poland,Warsaw,Clear
Portugal,Lisbon,Partly cloudy
Qatar,Doha,Mist
Romania,Bucharest,Clear
Russia,Moscow,Clear
Rwanda,Kigali,Partly cloudy
Saint Kitts and Nevis,Basseterre,Partly cloudy
Saint Lucia,Castries,Partly cloudy
Saint Vincent and the Grenadines,Kingstown,Light rain shower
Samoa,Apia,Partly cloudy
San Marino,San Marino,Clear
Belgium,'S-Gravenwezel,Clear
Saudi Arabia,Riyadh,Clear
Senegal,Dakar,Partly cloudy
Serbia,Belgrade,Clear
Seychelles Islands,Victoria,Light rain
Sierra Leone,Freetown,Partly cloudy
Singapore,Singapore,Partly cloudy
Slovakia,Bratislava,Clear
Slovenia,Ljubljana,Partly cloudy
Solomon Islands,Honiara,Partly cloudy
Somalia,Mogadishu,Partly cloudy
South Africa,Pretoria,Clear
South Korea,Seoul,Partly cloudy
Sudan,Juba,Clear
Spain,Madrid,Clear
Sri Lanka,Colombo,Moderate rain
Sudan,Khartoum,Clear
Suriname,Paramaribo,Light rain
Sweden,Stockholm,Clear
Switzerland,Bern,Clear
Syria,Damascus,Clear
Tajikistan,Dushanbe,Clear
Tanzania,Dodoma,Clear
Thailand,Bangkok,Partly cloudy
Indonesia,Murong Timor,Sunny
Bulgaria,Lom,Partly cloudy
Tonga,Nuku`Aloia,Partly cloudy
Trinidad and Tobago,Port Of Spain,Partly cloudy
Tunisia,Tunis,Partly cloudy
Turkey,Ankara,Clear
Turkmenistan,Ashgabat,Clear
Tuvalu,Funafuti,Overcast
Uganda,Kampala,Light rain shower
Ukraine,Lviv,Clear
United Arab Emirates,Abu Dhabi,Clear
United Kingdom,London,Clear
United States of America,Washington Park,Sunny
Uruguay,Montevideo,Overcast
Uzbekistan,Tashkent,Clear
Vanuatu,Port Vila,Partly cloudy
Venezuela,Caracas,Partly cloudy
Vietnam,Hanoi,Sunny
Yemen,Sanaa,Clear
Zambia,Lusaka,Clear
Zimbabwe,Harare,Clear
Afghanistan,Kabul,Clear
Albania,Tirana,Clear
Algeria,Algiers,Partly cloudy
Andorra,Andorra La Vella,Clear
Angola,Luanda,Partly cloudy
Antigua and Barbuda,Saint John's,Partly cloudy
Argentina,Buenos Aires,Partly cloudy
Armenia,Yerevan,Clear
Australia,Canberra,Partly cloudy
Austria,Vienna,Clear
Azerbaijan,Baku,Partly cloudy
Bahamas,Nassau,Partly cloudy
Bahrain,Manama,Clear
Bangladesh,Dhaka,Light rain shower
Barbados,Bridgetown,Partly cloudy
Belarus,Minsk,Clear
Belgium,Brussels,Clear
Belize,Belmopan,Partly cloudy
Benin,Porto-Novo,Partly cloudy
Bhutan,Thimphu,Clear
Bolivia,Sucre,Clear
Bosnia and Herzegovina,Sarajevo,Clear
Botswana,Gaborone,Clear
Brazil,Bras,Clear
Brunei Darussalam,Bandar Seri Begawan,Partly cloudy
Bulgaria,Sofia,Partly cloudy
Burkina Faso,Ouagadougou,Patchy rain possible
Burundi,Bujumbura,Patchy rain possible
Madagascar,Ivory,Cloudy
Cape Verde,Praia,Partly cloudy
Cambodia,Phnom Penh,Partly cloudy
Cameroon,Bafoussam,Light rain shower
Canada,Ottawa,Light rain
Central African Republic,Bangui,Patchy rain possible
Chad,N'djamena,Clear
Chile,Santiago,Partly cloudy
China,Beijing,Mist
Bulgaria,Bogot,Clear
Comoros,Moroni,Partly cloudy
Congo,Brazzaville,Clear
Costa Rica,San Juan,Overcast
Croatia,Zagreb,Clear
Cuba,Havana,Partly cloudy
Cyprus,Nicosia,Clear
Czech Republic,Prague,Clear
Democratic Republic of Congo,Kinshasa,Patchy rain possible
Denmark,Copenhagen,Clear
Djibouti,Djibouti,Clear
Dominica,Roseau,Partly cloudy
Dominican Republic,Santo Domingo,Partly cloudy
Ecuador,Quito,Patchy rain possible
Egypt,Cairo,Clear
El Salvador,San Salvador,Partly cloudy
Equatorial Guinea,Malabo,Partly cloudy
Eritrea,Asmara,Thundery outbreaks possible
Estonia,Tallinn,Partly cloudy
Swaziland,Mbabane,Clear
Ethiopia,Addis Ababa,Partly cloudy
Fiji Islands,Suva,Partly cloudy
Finland,Helsinki,Partly cloudy
France,Paris,Clear
Gabon,Libreville,Partly cloudy
Gambia,Banjul,Moderate or heavy rain with thunder
Georgia,Tbilisi,Partly cloudy
Germany,Berlin,Clear
Ghana,Accra,Partly cloudy
Greece,Athens,Partly cloudy
Grenada,Saint George's,Partly cloudy
Guatemala,Guatemala City,Partly cloudy
Guinea,Conakry,Partly cloudy
Guinea-Bissau,Bissau,Patchy light rain with thunder
Guyana,Georgetown,Partly cloudy
Haiti,Port-Au-Prince,Partly cloudy
Vatican City,Vatican City,Clear
Honduras,Tegucigalpa,Partly cloudy
Hungary,Budapest,Clear
Iceland,Hella,Light rain shower
India,New Delhi,Mist
Indonesia,Jakarta,Mist
Iran,Tehran,Partly cloudy
Iraq,Baghdad,Clear
Ireland,Dublin,Mist
Israel,Jerusalem,Clear
Italy,Rome,Clear
Jamaica,Norman Gardens,Patchy light rain with thunder
Japan,Tokyo,Torrential rain shower
Jordan,Amman,Clear
Kazakhstan,Astana,Partly cloudy
Kenya,Nairobi,Partly cloudy
Kiribati,Tarawa,Patchy rain possible
Kuwait,Kuwait City,Clear
Kyrghyzstan,Bishkek,Clear
Indonesia,Laos,Partly cloudy
Latvia,Riga,Fog
Lebanon,Beirut,Clear
Lesotho,Maseru,Clear
Liberia,Monrovia,Patchy light rain
Thailand,Nan,Partly cloudy
Liechtenstein,Vaduz,Clear
Lithuania,Vilnius,Clear
Luxembourg,Luxembourg,Clear
Madagascar,Antananarivo,Partly cloudy
Malawi,Lilongwe,Clear
Malaysia,Kuala Lumpur,Partly cloudy
Maldives,Farukolhufunadhoo,Light rain shower
Mali,Bamako,Partly cloudy
Malta,Valletta,Partly cloudy
Marshall Islands,Majuro,Partly cloudy
Mauritania,Nouakchott,Clear
Mauritius,Port Louis,Partly cloudy
Mexico,Mexico City,Partly cloudy
Micronesia,Palikir,Overcast
Russia,Chi-Chi-Erh,Partly cloudy
Monaco,Monaco,Clear
Mongolia,Ulaanbaatar,Sunny
Montenegro,Podgorica,Clear
Morocco,Rabat,Clear
Mozambique,Maputo,Clear
Myanmar,Pathein,Light rain shower
Namibia,Windhoek,Clear
Turkey,Yaren,Partly cloudy
Nepal,Kathmandu,Partly cloudy
Netherlands,Amsterdam,Clear
New Zealand,Wellington,Sunny
Nicaragua,Managua,Partly cloudy
Niger,Niamey,Clear
Nigeria,Abuja,Partly cloudy
North Korea,Pyongyang,Sunny
Macedonia,Skopje,Partly cloudy
Norway,Oslo,Light rain
Oman,Muscat,Clear
Pakistan,Islamabad,Clear
Palau,Adkip,Partly cloudy
Bolivia,National,Clear
Panama,Panama City,Partly cloudy
Papua New Guinea,Port Moresby,Partly cloudy
Paraguay,Carreria,Patchy rain possible
Peru,Lima,Sunny
Philippines,Manila,Partly cloudy
Poland,Warsaw,Clear
Portugal,Lisbon,Partly cloudy
Qatar,Doha,Clear
Romania,Bucharest,Clear
Russia,Moscow,Clear
Rwanda,Kigali,Partly cloudy
Saint Kitts and Nevis,Basseterre,Partly cloudy
Saint Lucia,Castries,Clear
Saint Vincent and the Grenadines,Kingstown,Partly cloudy
Samoa,Apia,Partly cloudy
San Marino,San Marino,Clear
Belgium,'S-Gravenwezel,Clear
Saudi Arabia,Riyadh,Clear
Senegal,Dakar,Moderate or heavy rain with thunder
Serbia,Belgrade,Clear
Seychelles Islands,Victoria,Partly cloudy
Sierra Leone,Freetown,Cloudy
Singapore,Singapore,Partly cloudy
Slovakia,Bratislava,Clear
Slovenia,Ljubljana,Clear
Solomon Islands,Honiara,Partly cloudy
Somalia,Mogadishu,Clear
South Africa,Pretoria,Clear
South Korea,Seoul,Sunny
Sudan,Juba,Clear
Spain,Madrid,Clear
Sri Lanka,Colombo,Partly cloudy
Sudan,Khartoum,Partly cloudy
Suriname,Paramaribo,Partly cloudy
Sweden,Stockholm,Clear
Switzerland,Bern,Clear
Syria,Damascus,Clear
Tajikistan,Dushanbe,Clear
Tanzania,Dodoma,Partly cloudy
Thailand,Bangkok,Partly cloudy
Indonesia,Murong Timor,Sunny
Bulgaria,Lom,Clear
Tonga,Nuku`Aloia,Partly cloudy
Trinidad and Tobago,Port Of Spain,Partly cloudy
Tunisia,Tunis,Partly cloudy
Turkey,Ankara,Clear
Turkmenistan,Ashgabat,Clear
Tuvalu,Funafuti,Partly cloudy
Uganda,Kampala,Partly cloudy
Ukraine,Kyiv,Clear
United Arab Emirates,Abu Dhabi,Clear
United Kingdom,London,Partly cloudy
United States of America,Washington Park,Sunny
Uruguay,Montevideo,Light drizzle
Uzbekistan,Tashkent,Partly cloudy
Vanuatu,Port Vila,Partly cloudy
Venezuela,Caracas,Clear
Vietnam,Hanoi,Partly cloudy
Yemen,Sanaa,Clear
Zambia,Lusaka,Clear
Zimbabwe,Harare,Clear
Afghanistan,Kabul,Clear
Albania,Tirana,Clear
Algeria,Algiers,Partly cloudy
Andorra,Andorra La Vella,Clear
Angola,Luanda,Partly cloudy
Antigua and Barbuda,Saint John's,Partly cloudy
Argentina,Buenos Aires,Clear
Armenia,Yerevan,Partly cloudy
Australia,Canberra,Sunny
Austria,Vienna,Clear
Azerbaijan,Baku,Partly cloudy
Bahamas,Nassau,Partly cloudy
Bahrain,Manama,Clear
Bangladesh,Dhaka,Partly cloudy
Barbados,Bridgetown,Partly cloudy
Belarus,Minsk,Clear
Belgium,Brussels,Clear
Belize,Belmopan,Overcast
Benin,Porto-Novo,Moderate or heavy rain with thunder
Bhutan,Thimphu,Mist
Bolivia,Sucre,Sunny
Bosnia and Herzegovina,Sarajevo,Clear
Botswana,Gaborone,Clear
Brazil,Bras,Clear
Brunei Darussalam,Bandar Seri Begawan,Partly cloudy
Bulgaria,Sofia,Clear
Burkina Faso,Ouagadougou,Partly cloudy
Burundi,Bujumbura,Patchy rain possible
Madagascar,Ivory,Clear
Cape Verde,Praia,Partly cloudy
Cambodia,Phnom Penh,Partly cloudy
Cameroon,Bafoussam,Fog
Canada,Ottawa,Partly cloudy
Central African Republic,Bangui,Partly cloudy
Chad,N'djamena,Clear
Chile,Santiago,Partly cloudy
China,Beijing,Light rain
Bulgaria,Bogot,Clear
Comoros,Moroni,Clear
Congo,Brazzaville,Clear
Costa Rica,San Juan,Overcast
Croatia,Zagreb,Clear
Cuba,Havana,Partly cloudy
Cyprus,Nicosia,Clear
Czech Republic,Prague,Partly cloudy
Democratic Republic of Congo,Kinshasa,Clear
Denmark,Copenhagen,Clear
Djibouti,Djibouti,Clear
Dominica,Roseau,Partly cloudy
Dominican Republic,Santo Domingo,Partly cloudy
Ecuador,Quito,Patchy light rain with thunder
Egypt,Cairo,Clear
El Salvador,San Salvador,Partly cloudy
Equatorial Guinea,Malabo,Partly cloudy
Eritrea,Asmara,Clear
Estonia,Tallinn,Fog
Swaziland,Mbabane,Clear
Ethiopia,Addis Ababa,Partly cloudy
Fiji Islands,Suva,Partly cloudy
Finland,Helsinki,Fog
France,Paris,Clear
Gabon,Libreville,Overcast
Gambia,Banjul,Partly cloudy
Georgia,Tbilisi,Overcast
Germany,Berlin,Clear
Ghana,Accra,Overcast
Greece,Athens,Partly cloudy
Grenada,Saint George's,Partly cloudy
Guatemala,Guatemala City,Partly cloudy
Guinea,Conakry,Partly cloudy
Guinea-Bissau,Bissau,Partly cloudy
Guyana,Georgetown,Partly cloudy
Haiti,Port-Au-Prince,Sunny
Vatican City,Vatican City,Clear
Honduras,Tegucigalpa,Partly cloudy
Hungary,Budapest,Clear
Iceland,Hella,Light rain shower
India,New Delhi,Moderate or heavy rain with thunder
Indonesia,Jakarta,Mist
Iran,Tehran,Clear
Iraq,Baghdad,Clear
Ireland,Dublin,Partly cloudy
Israel,Jerusalem,Partly cloudy
Italy,Rome,Clear
Jamaica,Norman Gardens,Partly cloudy
Japan,Tokyo,Light rain shower
Jordan,Amman,Clear
Kazakhstan,Astana,Clear
Kenya,Nairobi,Partly cloudy
Kiribati,Tarawa,Sunny
Kuwait,Kuwait City,Clear
Kyrghyzstan,Bishkek,Clear
Indonesia,Laos,Patchy rain possible
Latvia,Riga,Fog
Lebanon,Beirut,Clear
Lesotho,Maseru,Clear
Liberia,Monrovia,Partly cloudy
Thailand,Nan,Partly cloudy
Liechtenstein,Vaduz,Clear
Lithuania,Vilnius,Clear
Luxembourg,Luxembourg,Clear
Madagascar,Antananarivo,Partly cloudy
Malawi,Lilongwe,Clear
Malaysia,Kuala Lumpur,Partly cloudy
Maldives,Farukolhufunadhoo,Partly cloudy
Mali,Bamako,Patchy light rain with thunder
Malta,Valletta,Clear
Marshall Islands,Majuro,Partly cloudy
Mauritania,Nouakchott,Clear
Mauritius,Port Louis,Partly cloudy
Mexico,Mexico City,Partly cloudy
Micronesia,Palikir,Partly cloudy
Russia,Chi-Chi-Erh,Overcast
Monaco,Monaco,Clear
Mongolia,Ulaanbaatar,Sunny
Montenegro,Podgorica,Clear
Morocco,Rabat,Partly cloudy
Mozambique,Maputo,Partly cloudy
Myanmar,Pathein,Mist
Namibia,Windhoek,Clear
Turkey,Yaren,Clear
Nepal,Kathmandu,Partly cloudy
Netherlands,Amsterdam,Fog
New Zealand,Wellington,Sunny
Nicaragua,Managua,Partly cloudy
Niger,Niamey,Clear
Nigeria,Abuja,Clear
North Korea,Pyongyang,Sunny
Macedonia,Skopje,Clear
Norway,Oslo,Fog
Oman,Muscat,Clear
Pakistan,Islamabad,Clear
Palau,Adkip,Overcast
Bolivia,National,Clear
Panama,Panama City,Partly cloudy
Papua New Guinea,Port Moresby,Partly cloudy
Paraguay,Carreria,Partly cloudy
Peru,Lima,Sunny
Philippines,Manila,Partly cloudy
Poland,Warsaw,Fog
Portugal,Lisbon,Partly cloudy
Qatar,Doha,Clear
Romania,Bucharest,Clear
Russia,Moscow,Partly cloudy
Rwanda,Kigali,Partly cloudy
Saint Kitts and Nevis,Basseterre,Partly cloudy
Saint Lucia,Castries,Partly cloudy
Saint Vincent and the Grenadines,Kingstown,Partly cloudy
Samoa,Apia,Partly cloudy
San Marino,San Marino,Clear
Belgium,'S-Gravenwezel,Mist
Saudi Arabia,Riyadh,Clear
Senegal,Dakar,Clear
Serbia,Belgrade,Clear
Seychelles Islands,Victoria,Partly cloudy
Sierra Leone,Freetown,Patchy rain possible
Singapore,Singapore,Partly cloudy
Slovakia,Bratislava,Clear
Slovenia,Ljubljana,Clear
Solomon Islands,Honiara,Patchy rain possible
Somalia,Mogadishu,Partly cloudy
South Africa,Pretoria,Clear
South Korea,Seoul,Sunny
Sudan,Juba,Clear
Spain,Madrid,Moderate or heavy rain with thunder
Sri Lanka,Colombo,Partly cloudy
Sudan,Khartoum,Patchy rain possible
Suriname,Paramaribo,Partly cloudy
Sweden,Stockholm,Partly cloudy
Switzerland,Bern,Clear
Syria,Damascus,Clear
Tajikistan,Dushanbe,Clear
Tanzania,Dodoma,Partly cloudy
Thailand,Bangkok,Partly cloudy
Timor-Leste,Dili,Sunny
Bulgaria,Lom,Clear
Tonga,Nuku`Aloia,Partly cloudy
Trinidad and Tobago,Port Of Spain,Overcast
Tunisia,Tunis,Partly cloudy
Turkey,Ankara,Clear
Turkmenistan,Ashgabat,Partly cloudy
Tuvalu,Funafuti,Partly cloudy
Uganda,Kampala,Partly cloudy
Ukraine,Kyiv,Partly cloudy
United Arab Emirates,Abu Dhabi,Clear
United Kingdom,London,Overcast
United States of America,Washington Park,Sunny
Uruguay,Montevideo,Clear
Uzbekistan,Tashkent,Partly cloudy
Vanuatu,Port Vila,Partly cloudy
Venezuela,Caracas,Clear
Vietnam,Hanoi,Overcast
Yemen,Sanaa,Clear
Zambia,Lusaka,Clear
Zimbabwe,Harare,Clear
Afghanistan,Kabul,Clear
Albania,Tirana,Clear
Algeria,Algiers,Clear
Andorra,Andorra La Vella,Clear
Angola,Luanda,Partly cloudy
Antigua and Barbuda,Saint John's,Overcast
Argentina,Buenos Aires,Clear
Armenia,Yerevan,Partly cloudy
Australia,Canberra,Sunny
Austria,Vienna,Clear
Azerbaijan,Baku,Partly cloudy
Bahamas,Nassau,Partly cloudy
Bahrain,Manama,Clear
Bangladesh,Dhaka,Partly cloudy
Barbados,Bridgetown,Partly cloudy
Belarus,Minsk,Clear
Belgium,Brussels,Clear
Belize,Belmopan,Partly cloudy
Benin,Porto-Novo,Partly cloudy
Bhutan,Thimphu,Partly cloudy
Bolivia,Sucre,Sunny
Bosnia and Herzegovina,Sarajevo,Clear
Botswana,Gaborone,Clear
Brazil,Bras,Clear
Brunei Darussalam,Bandar Seri Begawan,Partly cloudy
Bulgaria,Sofia,Clear
Burkina Faso,Ouagadougou,Patchy rain possible
Burundi,Bujumbura,Patchy rain possible
Madagascar,Ivory,Clear
Cape Verde,Praia,Partly cloudy
Cambodia,Phnom Penh,Partly cloudy
Cameroon,Bafoussam,Light rain shower
Canada,Ottawa,Partly cloudy
Central African Republic,Bangui,Clear
Chad,N'djamena,Clear
Chile,Santiago,Partly cloudy
China,Beijing,Light rain shower
Bulgaria,Bogot,Clear
Comoros,Moroni,Clear
Congo,Brazzaville,Clear
Costa Rica,San Juan,Fog
Croatia,Zagreb,Clear
Cuba,Havana,Partly cloudy
Cyprus,Nicosia,Clear
Czech Republic,Prague,Clear
Democratic Republic of Congo,Kinshasa,Clear
Denmark,Copenhagen,Clear
Djibouti,Djibouti,Clear
Dominica,Roseau,Partly cloudy
Dominican Republic,Santo Domingo,Partly cloudy
Ecuador,Quito,Patchy rain possible
Egypt,Cairo,Clear
El Salvador,San Salvador,Partly cloudy
Equatorial Guinea,Malabo,Partly cloudy
Eritrea,Asmara,Clear
Estonia,Tallinn,Clear
Swaziland,Mbabane,Clear
Ethiopia,Addis Ababa,Clear
Fiji Islands,Suva,Partly cloudy
Finland,Helsinki,Partly cloudy
France,Paris,Clear
Gabon,Libreville,Partly cloudy
Gambia,Banjul,Partly cloudy
Georgia,Tbilisi,Clear
Germany,Berlin,Clear
Ghana,Accra,Partly cloudy
Greece,Athens,Partly cloudy
Grenada,Saint George's,Partly cloudy
Guatemala,Guatemala City,Partly cloudy
Guinea,Conakry,Moderate or heavy rain with thunder
Guinea-Bissau,Bissau,Patchy light rain with thunder
Guyana,Georgetown,Partly cloudy
Haiti,Port-Au-Prince,Partly cloudy
Vatican City,Vatican City,Clear
Honduras,Tegucigalpa,Partly cloudy
Hungary,Budapest,Clear
Iceland,Hella,Overcast
India,New Delhi,Moderate or heavy rain with thunder
Indonesia,Jakarta,Mist
Iran,Tehran,Clear
Iraq,Baghdad,Clear
Ireland,Dublin,Partly cloudy
Israel,Jerusalem,Partly cloudy
Italy,Rome,Clear
Jamaica,Norman Gardens,Partly cloudy
Japan,Tokyo,Partly cloudy
Jordan,Amman,Clear
Kazakhstan,Astana,Partly cloudy
Kenya,Nairobi,Partly cloudy
Kiribati,Tarawa,Patchy rain possible
Kuwait,Kuwait City,Clear
Kyrghyzstan,Bishkek,Clear
Indonesia,Laos,Patchy rain possible
Latvia,Riga,Fog
Lebanon,Beirut,Partly cloudy
Lesotho,Maseru,Clear
Liberia,Monrovia,Light rain
Thailand,Nan,Light rain
Liechtenstein,Vaduz,Clear
Lithuania,Vilnius,Clear
Luxembourg,Luxembourg,Clear
Madagascar,Antananarivo,Partly cloudy
Malawi,Lilongwe,Clear
Malaysia,Kuala Lumpur,Partly cloudy
Maldives,Farukolhufunadhoo,Light rain shower
Mali,Bamako,Partly cloudy
Malta,Valletta,Clear
Marshall Islands,Majuro,Partly cloudy
Mauritania,Nouakchott,Clear
Mauritius,Port Louis,Partly cloudy
Mexico,Mexico City,Partly cloudy
Micronesia,Palikir,Partly cloudy
Russia,Chi-Chi-Erh,Partly cloudy
Monaco,Monaco,Clear
Mongolia,Ulaanbaatar,Partly cloudy
Montenegro,Podgorica,Clear
Morocco,Rabat,Clear
Mozambique,Maputo,Clear
Myanmar,Pathein,Light rain shower
Namibia,Windhoek,Clear
Turkey,Yaren,Clear
Nepal,Kathmandu,Partly cloudy
Netherlands,Amsterdam,Clear
New Zealand,Wellington,Overcast
Nicaragua,Managua,Partly cloudy
Niger,Niamey,Clear
Nigeria,Abuja,Partly cloudy
North Korea,Pyongyang,Mist
Macedonia,Skopje,Clear
Norway,Oslo,Light rain
Oman,Muscat,Clear
Pakistan,Islamabad,Clear
Palau,Adkip,Light rain
Bolivia,National,Sunny
Panama,Panama City,Moderate or heavy rain with thunder
Papua New Guinea,Port Moresby,Mist
Paraguay,Carreria,Clear
Peru,Lima,Sunny
Philippines,Manila,Partly cloudy
Poland,Warsaw,Clear
Portugal,Lisbon,Clear
Qatar,Doha,Clear
Romania,Bucharest,Clear
Russia,Moscow,Clear
Rwanda,Kigali,Partly cloudy
Saint Kitts and Nevis,Basseterre,Light rain
Saint Lucia,Castries,Partly cloudy
Saint Vincent and the Grenadines,Kingstown,Partly cloudy
Samoa,Apia,Partly cloudy
San Marino,San Marino,Clear
Belgium,'S-Gravenwezel,Clear
Saudi Arabia,Riyadh,Clear
Senegal,Dakar,Partly cloudy
Serbia,Belgrade,Clear
Seychelles Islands,Victoria,Partly cloudy
Sierra Leone,Freetown,Partly cloudy
Singapore,Singapore,Partly cloudy
Slovakia,Bratislava,Clear
Slovenia,Ljubljana,Clear
Solomon Islands,Honiara,Partly cloudy
Somalia,Mogadishu,Partly cloudy
South Africa,Pretoria,Clear
South Korea,Seoul,Sunny
Sudan,Juba,Clear
Spain,Madrid,Mist
Sri Lanka,Colombo,Partly cloudy
Sudan,Khartoum,Clear
Suriname,Paramaribo,Patchy light rain with thunder
Sweden,Stockholm,Overcast
Switzerland,Bern,Clear
Syria,Damascus,Clear
Tajikistan,Dushanbe,Clear
Tanzania,Dodoma,Clear
Thailand,Bangkok,Partly cloudy
Timor-Leste,Dili,Sunny
Bulgaria,Lom,Clear
Tonga,Nuku`Aloia,Partly cloudy
Trinidad and Tobago,Port Of Spain,Overcast
Tunisia,Tunis,Partly cloudy
Turkey,Ankara,Clear
Turkmenistan,Ashgabat,Clear
Tuvalu,Funafuti,Partly cloudy
Uganda,Kampala,Partly cloudy
Ukraine,Kyiv,Clear
United Arab Emirates,Abu Dhabi,Clear
United Kingdom,London,Clear
United States of America,Washington Park,Sunny
Uruguay,Montevideo,Clear
Uzbekistan,Tashkent,Partly cloudy
Vanuatu,Port Vila,Partly cloudy
Venezuela,Caracas,Clear
Vietnam,Hanoi,Sunny
Yemen,Sanaa,Clear
Zambia,Lusaka,Clear
Zimbabwe,Harare,Clear
Afghanistan,Kabul,Clear
Albania,Tirana,Clear
Algeria,Algiers,Partly cloudy
Andorra,Andorra La Vella,Clear
Angola,Luanda,Clear
Antigua and Barbuda,Saint John's,Partly cloudy
Argentina,Buenos Aires,Clear
Armenia,Yerevan,Clear
Australia,Canberra,Sunny
Austria,Vienna,Clear
Azerbaijan,Baku,Partly cloudy
Bahamas,Nassau,Partly cloudy
Bahrain,Manama,Clear
Bangladesh,Dhaka,Light rain shower
Barbados,Bridgetown,Partly cloudy
Belarus,Minsk,Clear
Belgium,Brussels,Clear
Belize,Belmopan,Partly cloudy
Benin,Porto-Novo,Partly cloudy
Bhutan,Thimphu,Partly cloudy
Bolivia,Sucre,Sunny
Bosnia and Herzegovina,Sarajevo,Clear
Botswana,Gaborone,Clear
Brazil,Bras,Clear
Brunei Darussalam,Bandar Seri Begawan,Patchy light rain with thunder
Bulgaria,Sofia,Clear
Burkina Faso,Ouagadougou,Clear
Burundi,Bujumbura,Patchy rain possible
Madagascar,Ivory,Clear
Cape Verde,Praia,Partly cloudy
Cambodia,Phnom Penh,Partly cloudy
Cameroon,Bafoussam,Mist
Canada,Ottawa,Partly cloudy
Central African Republic,Bangui,Clear
Chad,N'djamena,Clear
Chile,Santiago,Overcast
China,Beijing,Mist
Bulgaria,Bogot,Clear
Comoros,Moroni,Clear
Congo,Brazzaville,Partly cloudy
Costa Rica,San Juan,Light rain
Croatia,Zagreb,Clear
Cuba,Havana,Partly cloudy
Cyprus,Nicosia,Partly cloudy
Czech Republic,Prague,Clear
Democratic Republic of Congo,Kinshasa,Partly cloudy
Denmark,Copenhagen,Mist
Djibouti,Djibouti,Mist
Dominica,Roseau,Partly cloudy
Dominican Republic,Santo Domingo,Partly cloudy
Ecuador,Quito,Sunny
Egypt,Cairo,Clear
El Salvador,San Salvador,Partly cloudy
Equatorial Guinea,Malabo,Clear
Eritrea,Asmara,Clear
Estonia,Tallinn,Partly cloudy
Swaziland,Mbabane,Clear
Ethiopia,Addis Ababa,Partly cloudy
Fiji Islands,Suva,Partly cloudy
Finland,Helsinki,Fog
France,Paris,Clear
Gabon,Libreville,Overcast
Gambia,Banjul,Partly cloudy
Georgia,Tbilisi,Clear
Germany,Berlin,Clear
Ghana,Accra,Partly cloudy
Greece,Athens,Partly cloudy
Grenada,Saint George's,Partly cloudy
Guatemala,Guatemala City,Partly cloudy
Guinea,Conakry,Partly cloudy
Guinea-Bissau,Bissau,Partly cloudy
Guyana,Georgetown,Clear
Haiti,Port-Au-Prince,Partly cloudy
Vatican City,Vatican City,Clear
Honduras,Tegucigalpa,Partly cloudy
Hungary,Budapest,Clear
Iceland,Hella,Overcast
India,New Delhi,Mist
Indonesia,Jakarta,Partly cloudy
Iran,Tehran,Clear
Iraq,Baghdad,Clear
Ireland,Dublin,Partly cloudy
Israel,Jerusalem,Partly cloudy
Italy,Rome,Clear
Jamaica,Norman Gardens,Partly cloudy
Japan,Tokyo,Partly cloudy
Jordan,Amman,Clear
Kazakhstan,Astana,Clear
Kenya,Nairobi,Partly cloudy
Kiribati,Tarawa,Partly cloudy
Kuwait,Kuwait City,Clear
Kyrghyzstan,Bishkek,Clear
Indonesia,Laos,Partly cloudy
Latvia,Riga,Clear
Lebanon,Beirut,Partly cloudy
Lesotho,Maseru,Clear
Liberia,Monrovia,Partly cloudy
Thailand,Nan,Light rain
Liechtenstein,Vaduz,Clear
Lithuania,Vilnius,Clear
Luxembourg,Luxembourg,Clear
Madagascar,Antananarivo,Partly cloudy
Malawi,Lilongwe,Clear
Malaysia,Kuala Lumpur,Partly cloudy
Maldives,Farukolhufunadhoo,Cloudy
Mali,Bamako,Partly cloudy
Malta,Valletta,Partly cloudy
Marshall Islands,Majuro,Overcast
Mauritania,Nouakchott,Clear
Mauritius,Port Louis,Overcast
Mexico,Mexico City,Partly cloudy
Micronesia,Palikir,Partly cloudy
Russia,Chi-Chi-Erh,Clear
Monaco,Monaco,Clear
Mongolia,Ulaanbaatar,Partly cloudy
Montenegro,Podgorica,Clear
Morocco,Rabat,Partly cloudy
Mozambique,Maputo,Clear
Myanmar,Pathein,Light rain shower
Namibia,Windhoek,Clear
Turkey,Yaren,Clear
Nepal,Kathmandu,Partly cloudy
Netherlands,Amsterdam,Clear
New Zealand,Wellington,Partly cloudy
Nicaragua,Managua,Partly cloudy
Niger,Niamey,Clear
Nigeria,Abuja,Clear
North Korea,Pyongyang,Sunny
Macedonia,Skopje,Clear
Norway,Oslo,Light rain
Oman,Muscat,Clear
Pakistan,Islamabad,Clear
Palau,Adkip,Overcast
Bolivia,National,Clear
Panama,Panama City,Partly cloudy
Papua New Guinea,Port Moresby,Mist
Paraguay,Carreria,Clear
Peru,Lima,Sunny
Philippines,Manila,Partly cloudy
Poland,Warsaw,Clear
Portugal,Lisbon,Partly cloudy
Qatar,Doha,Clear
Romania,Bucharest,Clear
Russia,Moscow,Mist
Rwanda,Kigali,Light rain
Saint Kitts and Nevis,Basseterre,Overcast
Saint Lucia,Castries,Partly cloudy
Saint Vincent and the Grenadines,Kingstown,Patchy rain possible
Samoa,Apia,Partly cloudy
San Marino,San Marino,Clear
Belgium,'S-Gravenwezel,Clear
Saudi Arabia,Riyadh,Clear
Senegal,Dakar,Partly cloudy
Serbia,Belgrade,Clear
Seychelles Islands,Victoria,Partly cloudy
Sierra Leone,Freetown,Light rain shower
Singapore,Singapore,Partly cloudy
Slovakia,Bratislava,Clear
Slovenia,Ljubljana,Clear
Solomon Islands,Honiara,Partly cloudy
Somalia,Mogadishu,Partly cloudy
South Africa,Pretoria,Clear
South Korea,Seoul,Partly cloudy
Sudan,Juba,Clear
Spain,Madrid,Partly cloudy
Sri Lanka,Colombo,Partly cloudy
Sudan,Khartoum,Clear
Suriname,Paramaribo,Clear
Sweden,Stockholm,Fog
Switzerland,Bern,Clear
Syria,Damascus,Clear
Tajikistan,Dushanbe,Clear
Tanzania,Dodoma,Clear
Thailand,Bangkok,Partly cloudy
Timor-Leste,Dili,Sunny
Bulgaria,Lom,Clear
Tonga,Nuku`Aloia,Partly cloudy
Trinidad and Tobago,Port Of Spain,Partly cloudy
Tunisia,Tunis,Partly cloudy
Turkey,Ankara,Clear
Turkmenistan,Ashgabat,Overcast
Tuvalu,Funafuti,Partly cloudy
Uganda,Kampala,Partly cloudy
Ukraine,Kyiv,Clear
United Arab Emirates,Abu Dhabi,Clear
United Kingdom,London,Mist
United States of America,Washington Park,Sunny
Uruguay,Montevideo,Partly cloudy
Uzbekistan,Tashkent,Overcast
Vanuatu,Port Vila,Partly cloudy
Venezuela,Caracas,Clear
Vietnam,Hanoi,Light rain
Yemen,Sanaa,Clear
Zambia,Lusaka,Clear
Zimbabwe,Harare,Clear
Afghanistan,Kabul,Clear
Albania,Tirana,Clear
Algeria,Algiers,Patchy light rain with thunder
Andorra,Andorra La Vella,Clear
Angola,Luanda,Partly cloudy
Antigua and Barbuda,Saint John's,Partly cloudy
Argentina,Buenos Aires,Clear
Armenia,Yerevan,Clear
Australia,Canberra,Partly cloudy
Austria,Vienna,Clear
Azerbaijan,Baku,Light rain
Bahamas,Nassau,Sunny
Bahrain,Manama,Clear
Bangladesh,Dhaka,Cloudy
Barbados,Bridgetown,Partly cloudy
Belarus,Minsk,Clear
Belgium,Brussels,Clear
Belize,Belmopan,Partly cloudy
Benin,Porto-Novo,Partly cloudy
Bhutan,Thimphu,Fog
Bolivia,Sucre,Clear
Bosnia and Herzegovina,Sarajevo,Clear
Botswana,Gaborone,Clear
Brazil,Bras,Partly cloudy
Brunei Darussalam,Bandar Seri Begawan,Light rain
Bulgaria,Sofia,Clear
Burkina Faso,Ouagadougou,Clear
Burundi,Bujumbura,Partly cloudy
Madagascar,Ivory,Clear
Cape Verde,Praia,Patchy light rain with thunder
Cambodia,Phnom Penh,Partly cloudy
Cameroon,Bafoussam,Mist
Canada,Ottawa,Partly cloudy
Central African Republic,Bangui,Partly cloudy
Chad,N'djamena,Partly cloudy
Chile,Santiago,Clear
China,Beijing,Sunny
Bulgaria,Bogot,Clear
Comoros,Moroni,Clear
Congo,Brazzaville,Clear
Costa Rica,San Juan,Moderate or heavy rain with thunder
Croatia,Zagreb,Fog
Cuba,Havana,Partly cloudy
Cyprus,Nicosia,Partly cloudy
Czech Republic,Prague,Clear
Democratic Republic of Congo,Kinshasa,Clear
Denmark,Copenhagen,Mist
Djibouti,Djibouti,Clear
Dominica,Roseau,Partly cloudy
Dominican Republic,Santo Domingo,Partly cloudy
Ecuador,Quito,Sunny
Egypt,Cairo,Overcast
El Salvador,San Salvador,Partly cloudy
Equatorial Guinea,Malabo,Partly cloudy
Eritrea,Asmara,Clear
Estonia,Tallinn,Partly cloudy
Swaziland,Mbabane,Overcast
Ethiopia,Addis Ababa,Clear
Fiji Islands,Suva,Partly cloudy
Finland,Helsinki,Mist
France,Paris,Moderate or heavy rain with thunder
Gabon,Libreville,Partly cloudy
Gambia,Banjul,Moderate or heavy rain with thunder
Georgia,Tbilisi,Overcast
Germany,Berlin,Clear
Ghana,Accra,Partly cloudy
Greece,Athens,Partly cloudy
Grenada,Saint George's,Overcast
Guatemala,Guatemala City,Partly cloudy
Guinea,Conakry,Partly cloudy
Guinea-Bissau,Bissau,Partly cloudy
Guyana,Georgetown,Partly cloudy
Haiti,Port-Au-Prince,Partly cloudy
Vatican City,Vatican City,Clear
Honduras,Tegucigalpa,Partly cloudy
Hungary,Budapest,Clear
Iceland,Hella,Clear
India,New Delhi,Mist
Indonesia,Jakarta,Mist
Iran,Tehran,Clear
Iraq,Baghdad,Clear
Ireland,Dublin,Light rain
Israel,Jerusalem,Clear
Italy,Rome,Clear
Jamaica,Norman Gardens,Patchy light rain with thunder
Japan,Tokyo,Partly cloudy
Jordan,Amman,Mist
Kazakhstan,Astana,Light rain
Kenya,Nairobi,Partly cloudy
Kiribati,Tarawa,Partly cloudy
Kuwait,Kuwait City,Clear
Kyrghyzstan,Bishkek,Partly cloudy
Indonesia,Laos,Mist
Latvia,Riga,Clear
Lebanon,Beirut,Clear
Lesotho,Maseru,Clear
Liberia,Monrovia,Partly cloudy
Thailand,Nan,Partly cloudy
Liechtenstein,Vaduz,Clear
Lithuania,Vilnius,Clear
Luxembourg,Luxembourg,Clear
Madagascar,Antananarivo,Partly cloudy
Malawi,Lilongwe,Clear
Malaysia,Kuala Lumpur,Partly cloudy
Maldives,Farukolhufunadhoo,Partly cloudy
Mali,Bamako,Partly cloudy
Malta,Valletta,Clear
Marshall Islands,Majuro,Partly cloudy
Mauritania,Nouakchott,Clear
Mauritius,Port Louis,Overcast
Mexico,Mexico City,Partly cloudy
Micronesia,Palikir,Overcast
Russia,Chi-Chi-Erh,Clear
Monaco,Monaco,Clear
Mongolia,Ulaanbaatar,Sunny
Montenegro,Podgorica,Clear
Morocco,Rabat,Partly cloudy
Mozambique,Maputo,Partly cloudy
Myanmar,Pathein,Mist
Namibia,Windhoek,Clear
Turkey,Yaren,Clear
Nepal,Kathmandu,Light rain
Netherlands,Amsterdam,Light rain
New Zealand,Wellington,Sunny
Nicaragua,Managua,Partly cloudy
Niger,Niamey,Clear
Nigeria,Abuja,Moderate or heavy rain with thunder
North Korea,Pyongyang,Sunny
Macedonia,Skopje,Clear
Norway,Oslo,Light rain
Oman,Muscat,Clear
Pakistan,Islamabad,Clear
Palau,Adkip,Overcast
Bolivia,National,Clear
Panama,Panama City,Partly cloudy
Papua New Guinea,Port Moresby,Partly cloudy
Paraguay,Carreria,Clear
Peru,Lima,Sunny
Philippines,Manila,Partly cloudy
Poland,Warsaw,Clear
Portugal,Lisbon,Partly cloudy
Qatar,Doha,Clear
Romania,Bucharest,Clear
Russia,Moscow,Partly cloudy
Rwanda,Kigali,Partly cloudy
Saint Kitts and Nevis,Basseterre,Partly cloudy
Saint Lucia,Castries,Partly cloudy
Saint Vincent and the Grenadines,Kingstown,Cloudy
Samoa,Apia,Partly cloudy
San Marino,San Marino,Clear
Belgium,'S-Gravenwezel,Clear
Saudi Arabia,Riyadh,Clear
Senegal,Dakar,Patchy light rain with thunder
Serbia,Belgrade,Clear
Seychelles Islands,Victoria,Partly cloudy
Sierra Leone,Freetown,Partly cloudy
Singapore,Singapore,Light rain
Slovakia,Bratislava,Clear
Slovenia,Ljubljana,Clear
Solomon Islands,Honiara,Partly cloudy
Somalia,Mogadishu,Clear
South Africa,Pretoria,Clear
South Korea,Seoul,Sunny
Sudan,Juba,Clear
Spain,Madrid,Clear
Sri Lanka,Colombo,Partly cloudy
Sudan,Khartoum,Clear
Suriname,Paramaribo,Overcast
Sweden,Stockholm,Overcast
Switzerland,Bern,Clear
Syria,Damascus,Clear
Tajikistan,Dushanbe,Mist
Tanzania,Dodoma,Clear
Thailand,Bangkok,Partly cloudy
Timor-Leste,Dili,Sunny
Bulgaria,Lom,Clear
Tonga,Nuku`Aloia,Partly cloudy
Trinidad and Tobago,Port Of Spain,Overcast
Tunisia,Tunis,Partly cloudy
Turkey,Ankara,Clear
Turkmenistan,Ashgabat,Clear
Tuvalu,Funafuti,Partly cloudy
Uganda,Kampala,Mist
Ukraine,Kyiv,Clear
United Arab Emirates,Abu Dhabi,Clear
United Kingdom,London,Partly cloudy
United States of America,Washington Park,Sunny
Uruguay,Montevideo,Partly cloudy
Uzbekistan,Tashkent,Overcast
Vanuatu,Port Vila,Partly cloudy
Venezuela,Caracas,Clear
Vietnam,Hanoi,Partly cloudy
Yemen,Sanaa,Clear
Zambia,Lusaka,Clear
Zimbabwe,Harare,Clear
Afghanistan,Kabul,Clear
Albania,Tirana,Clear
Algeria,Algiers,Patchy light rain with thunder
Andorra,Andorra La Vella,Mist
Angola,Luanda,Clear
Antigua and Barbuda,Saint John's,Partly cloudy
Argentina,Buenos Aires,Clear
Armenia,Yerevan,Light rain
Australia,Canberra,Sunny
Austria,Vienna,Clear
Azerbaijan,Baku,Light rain
Bahamas,Nassau,Partly cloudy
Bahrain,Manama,Clear
Bangladesh,Dhaka,Partly cloudy
Barbados,Bridgetown,Partly cloudy
Belarus,Minsk,Clear
Belgium,Brussels,Light rain
Belize,Belmopan,Partly cloudy
Benin,Porto-Novo,Partly cloudy
Bhutan,Thimphu,Partly cloudy
Bolivia,Sucre,Moderate or heavy rain shower
Bosnia and Herzegovina,Sarajevo,Clear
Botswana,Gaborone,Clear
Brazil,Bras,Clear
Brunei Darussalam,Bandar Seri Begawan,Partly cloudy
Bulgaria,Sofia,Clear
Burkina Faso,Ouagadougou,Partly cloudy
Burundi,Bujumbura,Clear
Madagascar,Ivory,Clear
Cape Verde,Praia,Partly cloudy
Cambodia,Phnom Penh,Partly cloudy
Cameroon,Bafoussam,Partly cloudy
Canada,Ottawa,Light rain
Central African Republic,Bangui,Partly cloudy
Chad,N'djamena,Partly cloudy
Chile,Santiago,Partly cloudy
China,Beijing,Sunny
Bulgaria,Bogot,Clear
Comoros,Moroni,Clear
Congo,Brazzaville,Clear
Costa Rica,San Juan,Fog
Croatia,Zagreb,Clear
Cuba,Havana,Partly cloudy
Cyprus,Nicosia,Clear
Czech Republic,Prague,Clear
Democratic Republic of Congo,Kinshasa,Clear
Denmark,Copenhagen,Moderate rain
Djibouti,Djibouti,Mist
Dominica,Roseau,Partly cloudy
Dominican Republic,Santo Domingo,Partly cloudy
Ecuador,Quito,Thundery outbreaks possible
Egypt,Cairo,Clear
El Salvador,San Salvador,Partly cloudy
Equatorial Guinea,Malabo,Cloudy
Eritrea,Asmara,Clear
Estonia,Tallinn,Clear
Swaziland,Mbabane,Overcast
Ethiopia,Addis Ababa,Partly cloudy
Fiji Islands,Suva,Partly cloudy
Finland,Helsinki,Light rain shower
France,Paris,Fog
Gabon,Libreville,Partly cloudy
Gambia,Banjul,Partly cloudy
Georgia,Tbilisi,Clear
Germany,Berlin,Clear
Ghana,Accra,Light rain
Greece,Athens,Clear
Grenada,Saint George's,Partly cloudy
Guatemala,Guatemala City,Partly cloudy
Guinea,Conakry,Partly cloudy
Guinea-Bissau,Bissau,Partly cloudy
Guyana,Georgetown,Partly cloudy
Haiti,Port-Au-Prince,Partly cloudy
Vatican City,Vatican City,Clear
Honduras,Tegucigalpa,Partly cloudy
Hungary,Budapest,Clear
Iceland,Hella,Overcast
India,New Delhi,Mist
Indonesia,Jakarta,Partly cloudy
Iran,Tehran,Clear
Iraq,Baghdad,Clear
Ireland,Dublin,Clear
Israel,Jerusalem,Moderate or heavy rain with thunder
Italy,Rome,Clear
Jamaica,Norman Gardens,Partly cloudy
Japan,Tokyo,Partly cloudy
Jordan,Amman,Overcast
Kazakhstan,Astana,Overcast
Kenya,Nairobi,Partly cloudy
Kiribati,Tarawa,Partly cloudy
Kuwait,Kuwait City,Clear
Kyrghyzstan,Bishkek,Partly cloudy
Indonesia,Laos,Cloudy
Latvia,Riga,Fog
Lebanon,Beirut,Clear
Lesotho,Maseru,Clear
Liberia,Monrovia,Patchy light rain with thunder
Thailand,Nan,Partly cloudy
Liechtenstein,Vaduz,Overcast
Lithuania,Vilnius,Clear
Luxembourg,Luxembourg,Partly cloudy
Madagascar,Antananarivo,Partly cloudy
Malawi,Lilongwe,Clear
Malaysia,Kuala Lumpur,Partly cloudy
Maldives,Farukolhufunadhoo,Partly cloudy
Mali,Bamako,Clear
Malta,Valletta,Clear
Marshall Islands,Majuro,Partly cloudy
Mauritania,Nouakchott,Clear
Mauritius,Port Louis,Partly cloudy
Mexico,Mexico City,Partly cloudy
Micronesia,Palikir,Overcast
Russia,Chi-Chi-Erh,Partly cloudy
Monaco,Monaco,Partly cloudy
Mongolia,Ulaanbaatar,Sunny
Montenegro,Podgorica,Clear
Morocco,Rabat,Clear
Mozambique,Maputo,Partly cloudy
Myanmar,Pathein,Moderate or heavy rain shower
Namibia,Windhoek,Clear
Turkey,Yaren,Clear
Nepal,Kathmandu,Moderate or heavy rain with thunder
Netherlands,Amsterdam,Moderate rain
New Zealand,Wellington,Sunny
Nicaragua,Managua,Partly cloudy
Niger,Niamey,Clear
Nigeria,Abuja,Partly cloudy
North Korea,Pyongyang,Partly cloudy
Macedonia,Skopje,Clear
Norway,Oslo,Partly cloudy
Oman,Muscat,Clear
Pakistan,Islamabad,Clear
Palau,Adkip,Partly cloudy
Bolivia,National,Sunny
Panama,Panama City,Moderate or heavy rain shower
Papua New Guinea,Port Moresby,Mist
Paraguay,Carreria,Clear
Peru,Lima,Partly cloudy
Philippines,Manila,Partly cloudy
Poland,Warsaw,Clear
Portugal,Lisbon,Partly cloudy
Qatar,Doha,Clear
Romania,Bucharest,Clear
Russia,Moscow,Clear
Rwanda,Kigali,Partly cloudy
Saint Kitts and Nevis,Basseterre,Partly cloudy
Saint Lucia,Castries,Partly cloudy
Saint Vincent and the Grenadines,Kingstown,Partly cloudy
Samoa,Apia,Partly cloudy
San Marino,San Marino,Clear
Belgium,'S-Gravenwezel,Mist
Saudi Arabia,Riyadh,Clear
Senegal,Dakar,Partly cloudy
Serbia,Belgrade,Clear
Seychelles Islands,Victoria,Partly cloudy
Sierra Leone,Freetown,Partly cloudy
Singapore,Singapore,Clear
Slovakia,Bratislava,Clear
Slovenia,Ljubljana,Clear
Solomon Islands,Honiara,Partly cloudy
Somalia,Mogadishu,Clear
South Africa,Pretoria,Clear
South Korea,Seoul,Light rain
Sudan,Juba,Clear
Spain,Madrid,Clear
Sri Lanka,Colombo,Partly cloudy
Sudan,Khartoum,Clear
Suriname,Paramaribo,Partly cloudy
Sweden,Stockholm,Partly cloudy
Switzerland,Bern,Partly cloudy
Syria,Damascus,Clear
Tajikistan,Dushanbe,Partly cloudy
Tanzania,Dodoma,Clear
Thailand,Bangkok,Partly cloudy
Timor-Leste,Dili,Sunny
Bulgaria,Lom,Clear
Tonga,Nuku`Aloia,Partly cloudy
Trinidad and Tobago,Port Of Spain,Partly cloudy
Tunisia,Tunis,Clear
Turkey,Ankara,Clear
Turkmenistan,Ashgabat,Clear
Tuvalu,Funafuti,Overcast
Uganda,Kampala,Partly cloudy
Ukraine,Kyiv,Clear
United Arab Emirates,Abu Dhabi,Clear
United Kingdom,London,Light rain
United States of America,Washington Park,Sunny
Uruguay,Montevideo,Clear
Uzbekistan,Tashkent,Clear
Vanuatu,Port Vila,Overcast
Venezuela,Caracas,Clear
Vietnam,Hanoi,Light rain
Yemen,Sanaa,Clear
Zambia,Lusaka,Clear
Zimbabwe,Harare,Partly cloudy
